Date,Close,Volume,Dividends
2013-06-19,14.026021003723145,7717000,0.0
2013-06-20,13.944737434387207,1874600,0.0
2013-06-21,14.269871711730957,635300,0.0
2013-06-24,14.016989707946777,758300,0.0
2013-06-25,14.143431663513184,564400,0.0
2013-06-26,13.971831321716309,901000,0.0
2013-06-27,13.881515502929688,3258000,0.0
2013-06-28,13.890547752380371,1793700,0.0
2013-07-01,13.429936408996582,4343500,0.0
2013-07-02,13.53831672668457,8682500,0.0
2013-07-03,13.520252227783203,2265100,0.0
2013-07-05,14.098274230957031,3470900,0.0
2013-07-08,14.46856689453125,4010700,0.0
2013-07-09,14.20665168762207,3656200,0.0
2013-07-10,13.953768730163574,3010500,0.0
2013-07-11,13.73701000213623,3630300,0.0
2013-07-12,13.53831672668457,3042300,0.0
2013-07-15,13.366717338562012,5331400,0.0
2013-07-16,13.899579048156738,2711100,0.0
2013-07-17,14.46856689453125,3737700,0.0
2013-07-18,14.089241981506348,2827900,0.0
2013-07-19,14.558882713317871,3735400,0.0
2013-07-22,14.360189437866211,2159200,0.0
2013-07-23,14.315032005310059,2104900,0.0
2013-07-24,14.378252029418945,2205100,0.0
2013-07-25,14.233745574951172,2097300,0.0
2013-07-26,14.531789779663086,937600,0.0
2013-07-29,14.188589096069336,3495600,0.0
2013-07-30,14.576943397521973,3438100,0.0
2013-07-31,14.531789779663086,2392800,0.0
2013-08-01,14.802736282348633,1951600,0.0
2013-08-02,14.902082443237305,2042800,0.0
2013-08-05,14.640166282653809,1127500,0.0
2013-08-06,14.802736282348633,1335300,0.0
2013-08-07,14.595010757446289,1239800,0.0
2013-08-08,14.793702125549316,2109500,0.0
2013-08-09,14.66726303100586,1370900,0.0
2013-08-12,14.549851417541504,1917600,0.0
2013-08-13,14.495659828186035,1643600,0.0
2013-08-14,14.61307430267334,2029000,0.0
2013-08-15,14.739514350891113,1351600,0.0
2013-08-16,14.622105598449707,2144700,0.0
2013-08-19,14.351155281066895,610700,0.0
2013-08-20,14.34212589263916,993300,0.0
2013-08-21,14.396313667297363,1948100,0.0
2013-08-22,14.34212589263916,1611600,0.0
2013-08-23,14.378252029418945,1676500,0.0
2013-08-26,14.504693984985352,1095300,0.0
2013-08-27,14.396313667297363,3848700,0.0
2013-08-28,14.423409461975098,7235800,0.0
2013-08-29,14.41437816619873,797500,0.0
2013-08-30,14.305998802185059,1583300,0.0
2013-09-03,14.450502395629883,584400,0.0
2013-09-04,14.640166282653809,2037400,0.0
2013-09-05,14.802736282348633,1912100,0.0
2013-09-06,14.757575035095215,1655900,0.0
2013-09-09,14.893050193786621,772900,0.0
2013-09-10,15.100778579711914,846300,0.0
2013-09-11,15.534294128417969,1531600,0.0
2013-09-12,15.624608993530273,601600,0.0
2013-09-13,15.453007698059082,411600,0.0
2013-09-16,15.507196426391602,772100,0.0
2013-09-17,15.552352905273438,548600,0.0
2013-09-18,15.579451560974121,951800,0.0
2013-09-19,15.4710693359375,884200,0.0
2013-09-20,15.272377967834473,1416500,0.0
2013-09-23,15.163999557495117,703900,0.0
2013-09-24,15.651702880859375,1402900,0.0
2013-09-25,15.43494701385498,1126100,0.0
2013-09-26,15.055619239807129,2539000,0.0
2013-09-27,14.956273078918457,823300,0.0
2013-09-30,14.838860511779785,611800,0.0
2013-10-01,14.712422370910645,521200,0.0
2013-10-02,14.893050193786621,1292300,0.0
2013-10-03,14.694357872009277,2186100,0.0
2013-10-04,14.694357872009277,1114000,0.0
2013-10-07,14.694357872009277,1107800,0.0
2013-10-08,14.658228874206543,667400,0.0
2013-10-09,14.757575035095215,4387600,0.0
2013-10-10,15.037556648254395,1069200,0.0
2013-10-11,15.281410217285156,2259400,0.0
2013-10-14,15.407849311828613,754900,0.0
2013-10-15,15.498164176940918,1436900,0.0
2013-10-16,15.588480949401855,1241700,0.0
2013-10-17,15.588480949401855,861300,0.0
2013-10-18,15.642672538757324,2034100,0.0
2013-10-21,15.624608993530273,563900,0.0
2013-10-22,15.760082244873047,1578100,0.0
2013-10-23,15.796207427978516,1532000,0.0
2013-10-24,16.00393295288086,931700,0.0
2013-10-25,15.859424591064453,1527000,0.0
2013-10-28,15.96780776977539,1045000,0.0
2013-10-29,16.13941192626953,889500,0.0
2013-10-30,16.031030654907227,677500,0.0
2013-10-31,16.19359588623047,1810300,0.0
2013-11-01,16.356164932250977,1295300,0.0
2013-11-04,16.37422752380371,404700,0.0
2013-11-05,16.34713363647461,696300,0.0
2013-11-06,16.049091339111328,619800,0.0
2013-11-07,15.904585838317871,660600,0.0
2013-11-08,16.20262908935547,518800,0.0
2013-11-11,16.058122634887695,537400,0.0
2013-11-12,15.796207427978516,1135600,0.0
2013-11-13,15.83233642578125,833800,0.0
2013-11-14,15.8142728805542,573900,0.0
2013-11-15,16.274879455566406,842100,0.0
2013-11-18,15.976840019226074,795200,0.0
2013-11-19,16.012962341308594,471700,0.0
2013-11-20,16.1213436126709,805500,0.0
2013-11-21,16.07618522644043,299200,0.0
2013-11-22,15.994903564453125,1203700,0.0
2013-11-25,15.904585838317871,717400,0.0
2013-11-26,16.040058135986328,1162100,0.0
2013-11-27,16.157470703125,1039300,0.0
2013-11-29,16.22972297668457,392000,0.0
2013-12-02,15.949746131896973,889300,0.0
2013-12-03,15.83233642578125,560400,0.0
2013-12-04,15.805240631103516,540200,0.0
2013-12-05,15.687827110290527,513200,0.0
2013-12-06,15.678796768188477,1733400,0.0
2013-12-09,15.678796768188477,1985800,0.0
2013-12-10,15.805240631103516,937700,0.0
2013-12-11,15.778143882751465,745800,0.0
2013-12-12,15.669766426086426,466800,0.0
2013-12-13,15.805240631103516,643300,0.0
2013-12-16,15.922648429870605,718700,0.0
2013-12-17,15.54332160949707,800900,0.0
2013-12-18,15.669766426086426,531000,0.0
2013-12-19,15.54332160949707,386800,0.0
2013-12-20,15.877490997314453,565100,0.0
2013-12-23,16.058122634887695,395900,0.0
2013-12-24,16.094249725341797,87700,0.0
2013-12-26,15.985873222351074,240200,0.0
2013-12-27,15.96780776977539,319700,0.0
2013-12-30,16.031030654907227,308400,0.0
2013-12-31,16.103281021118164,297100,0.0
2014-01-02,16.157470703125,758500,0.0
2014-01-03,16.012962341308594,431600,0.0
2014-01-06,15.850395202636719,620000,0.0
2014-01-07,15.642672538757324,1174400,0.0
2014-01-08,15.570416450500488,630300,0.0
2014-01-09,15.624608993530273,594200,0.0
2014-01-10,15.66073226928711,303800,0.0
2014-01-13,15.425912857055664,458200,0.0
2014-01-14,15.570416450500488,594200,0.0
2014-01-15,15.4891357421875,480300,0.0
2014-01-16,15.389788627624512,506000,0.0
2014-01-17,15.371724128723145,813400,0.0
2014-01-21,15.136907577514648,885900,0.0
2014-01-22,15.055619239807129,644100,0.0
2014-01-23,14.94724178314209,372700,0.0
2014-01-24,14.585978507995605,838800,0.0
2014-01-27,14.585978507995605,3012700,0.0
2014-01-28,14.4595365524292,1214600,0.0
2014-01-29,14.378252029418945,1283200,0.0
2014-01-30,14.269871711730957,1937300,0.0
2014-01-31,14.098274230957031,783600,0.0
2014-02-03,13.61056900024414,1966600,0.0
2014-02-04,13.61056900024414,4492500,0.0
2014-02-05,13.827326774597168,2498300,0.0
2014-02-06,14.143431663513184,1457800,0.0
2014-02-07,15.353662490844727,1909400,0.0
2014-02-10,15.4891357421875,920700,0.0
2014-02-11,15.805240631103516,1025800,0.0
2014-02-12,15.624608993530273,443800,0.0
2014-02-13,15.588480949401855,540100,0.0
2014-02-14,15.552352905273438,637900,0.0
2014-02-18,15.615577697753906,1097700,0.0
2014-02-19,15.579451560974121,879700,0.0
2014-02-20,15.453007698059082,448100,0.0
2014-02-21,15.552352905273438,725200,0.0
2014-02-24,15.805240631103516,811600,0.0
2014-02-25,15.913619995117188,1054800,0.0
2014-02-26,15.88652515411377,860700,0.0
2014-02-27,15.949746131896973,550400,0.0
2014-02-28,16.157470703125,662200,0.0
2014-03-03,15.985873222351074,654400,0.0
2014-03-04,16.157470703125,638300,0.0
2014-03-05,16.157470703125,541000,0.0
2014-03-06,16.13037872314453,321800,0.0
2014-03-07,15.8413667678833,391800,0.0
2014-03-10,15.787176132202148,586700,0.0
2014-03-11,15.687827110290527,853700,0.0
2014-03-12,15.805240631103516,687000,0.0
2014-03-13,15.416881561279297,516200,0.0
2014-03-14,15.398813247680664,805000,0.0
2014-03-17,15.425912857055664,652900,0.0
2014-03-18,15.669766426086426,780800,0.0
2014-03-19,15.570416450500488,763700,0.0
2014-03-20,15.453007698059082,475200,0.0
2014-03-21,15.36269474029541,1579000,0.0
2014-03-24,15.31753158569336,457500,0.0
2014-03-25,15.209156036376953,193300,0.0
2014-03-26,14.920146942138672,617700,0.0
2014-03-27,14.902082443237305,441900,0.0
2014-03-28,14.938206672668457,220100,0.0
2014-03-31,15.082714080810547,238600,0.0
2014-04-01,15.290438652038574,530400,0.0
2014-04-02,15.308503150939941,364900,0.0
2014-04-03,15.073681831359863,761700,0.0
2014-04-04,15.091744422912598,784300,0.0
2014-04-07,15.1098051071167,599300,0.0
2014-04-08,15.037556648254395,294200,0.0
2014-04-09,15.191092491149902,229600,0.0
2014-04-10,14.884018898010254,354300,0.0
2014-04-11,14.685325622558594,587600,0.0
2014-04-14,14.81176471710205,327900,0.0
2014-04-15,14.712422370910645,361100,0.0
2014-04-16,14.820798873901367,266900,0.0
2014-04-17,14.874990463256836,168200,0.0
2014-04-21,15.046590805053711,516300,0.0
2014-04-22,15.136907577514648,665100,0.0
2014-04-23,15.281410217285156,316300,0.0
2014-04-24,15.308503150939941,434400,0.0
2014-04-25,15.154967308044434,337600,0.0
2014-04-28,15.154967308044434,613500,0.0
2014-04-29,15.182058334350586,694500,0.0
2014-04-30,14.938206672668457,1150200,0.0
2014-05-01,15.136907577514648,592000,0.0
2014-05-02,15.200124740600586,607200,0.0
2014-05-05,15.209156036376953,611000,0.0
2014-05-06,15.037556648254395,478800,0.0
2014-05-07,14.938206672668457,603500,0.0
2014-05-08,14.96530532836914,652500,0.0
2014-05-09,15.714919090270996,1558900,0.0
2014-05-12,15.760082244873047,936600,0.0
2014-05-13,15.633639335632324,559500,0.0
2014-05-14,15.182058334350586,824100,0.0
2014-05-15,14.956273078918457,583700,0.0
2014-05-16,15.082714080810547,379900,0.0
2014-05-19,15.055619239807129,164500,0.0
2014-05-20,14.838860511779785,774400,0.0
2014-05-21,14.902082443237305,431200,0.0
2014-05-22,15.145934104919434,377400,0.0
2014-05-23,15.118842124938965,431300,0.0
2014-05-27,15.227218627929688,317400,0.0
2014-05-28,15.091744422912598,310200,0.0
2014-05-29,15.028523445129395,394200,0.0
2014-05-30,14.983366966247559,336200,0.0
2014-06-02,15.154967308044434,1075200,0.0
2014-06-03,15.281410217285156,598200,0.0
2014-06-04,15.36269474029541,321200,0.0
2014-06-05,15.597512245178223,568500,0.0
2014-06-06,15.597512245178223,731000,0.0
2014-06-09,15.579451560974121,441000,0.0
2014-06-10,15.516230583190918,396000,0.0
2014-06-11,15.507196426391602,524600,0.0
2014-06-12,15.218184471130371,611700,0.0
2014-06-13,15.1098051071167,343200,0.0
2014-06-16,15.1098051071167,827600,0.0
2014-06-17,15.182058334350586,404500,0.0
2014-06-18,15.416881561279297,730300,0.0
2014-06-19,15.498164176940918,538400,0.0
2014-06-20,15.453007698059082,625700,0.0
2014-06-23,15.209156036376953,469300,0.0
2014-06-24,15.353662490844727,662400,0.0
2014-06-25,15.534294128417969,652000,0.0
2014-06-26,15.8413667678833,1889500,0.0
2014-06-27,15.850395202636719,1241700,0.0
2014-06-30,15.760082244873047,1063100,0.0
2014-07-01,15.895556449890137,687600,0.0
2014-07-02,16.00393295288086,550600,0.0
2014-07-03,16.049091339111328,293200,0.0
2014-07-07,15.922648429870605,789200,0.0
2014-07-08,15.877490997314453,1499400,0.0
2014-07-09,15.958773612976074,673400,0.0
2014-07-10,15.8142728805542,757700,0.0
2014-07-11,15.859424591064453,870000,0.0
2014-07-14,15.88652515411377,759800,0.0
2014-07-15,15.949746131896973,1359000,0.0
2014-07-16,15.922648429870605,842700,0.0
2014-07-17,15.805240631103516,711900,0.0
2014-07-18,15.940713882446289,1047400,0.0
2014-07-21,15.8413667678833,504700,0.0
2014-07-22,15.8142728805542,283800,0.0
2014-07-23,15.850395202636719,442200,0.0
2014-07-24,16.012962341308594,804600,0.0
2014-07-25,15.904585838317871,843400,0.0
2014-07-28,15.796207427978516,489200,0.0
2014-07-29,15.705890655517578,538300,0.0
2014-07-30,15.696857452392578,607300,0.0
2014-07-31,15.54332160949707,729500,0.0
2014-08-01,15.678796768188477,384800,0.0
2014-08-04,15.705890655517578,432500,0.0
2014-08-05,15.552352905273438,867500,0.0
2014-08-06,15.4891357421875,724600,0.0
2014-08-07,15.353662490844727,1064000,0.0
2014-08-08,15.127872467041016,2848000,0.0
2014-08-11,15.299473762512207,711800,0.0
2014-08-12,15.200124740600586,697300,0.0
2014-08-13,15.136907577514648,653000,0.0
2014-08-14,15.326567649841309,1081000,0.0
2014-08-15,15.182058334350586,913200,0.0
2014-08-18,15.209156036376953,1182900,0.0
2014-08-19,15.127872467041016,290500,0.0
2014-08-20,15.43494701385498,1115800,0.0
2014-08-21,15.525264739990234,930800,0.0
2014-08-22,15.480100631713867,966500,0.0
2014-08-25,15.633639335632324,1298000,0.0
2014-08-26,15.579451560974121,359300,0.0
2014-08-27,15.615577697753906,844300,0.0
2014-08-28,15.615577697753906,542000,0.0
2014-08-29,15.588480949401855,706800,0.0
2014-09-02,15.407849311828613,1021400,0.0
2014-09-03,15.579451560974121,1329500,0.0
2014-09-04,15.624608993530273,678200,0.0
2014-09-05,15.705890655517578,605700,0.0
2014-09-08,15.588480949401855,704800,0.0
2014-09-09,15.326567649841309,1540400,0.0
2014-09-10,15.462041854858398,909800,0.0
2014-09-11,15.308503150939941,580500,0.0
2014-09-12,15.163999557495117,425900,0.0
2014-09-15,15.100778579711914,362100,0.0
2014-09-16,15.091744422912598,409100,0.0
2014-09-17,15.055619239807129,736200,0.0
2014-09-18,15.073681831359863,357100,0.0
2014-09-19,15.209156036376953,454600,0.0
2014-09-22,15.064651489257812,565500,0.0
2014-09-23,15.046590805053711,883300,0.0
2014-09-24,15.019493103027344,342800,0.0
2014-09-25,14.829826354980469,761200,0.0
2014-09-26,15.019493103027344,410800,0.0
2014-09-29,14.902082443237305,1847000,0.0
2014-09-30,14.567914962768555,1591400,0.0
2014-10-01,14.287938117980957,1413100,0.0
2014-10-02,14.1343994140625,833600,0.0
2014-10-03,14.233745574951172,653500,0.0
2014-10-06,14.233745574951172,789900,0.0
2014-10-07,13.845389366149902,550600,0.0
2014-10-08,14.215683937072754,987600,0.0
2014-10-09,13.782169342041016,730200,0.0
2014-10-10,13.520252227783203,952100,0.0
2014-10-13,13.122864723205566,682500,0.0
2014-10-14,13.168022155761719,744200,0.0
2014-10-15,13.077706336975098,1407300,0.0
2014-10-16,12.86094856262207,2296300,0.0
2014-10-17,12.879011154174805,1807600,0.0
2014-10-20,13.032548904418945,1863700,0.0
2014-10-21,13.556379318237305,1449300,0.0
2014-10-22,13.420907020568848,3676800,0.0
2014-10-23,13.637664794921875,810600,0.0
2014-10-24,13.836357116699219,798400,0.0
2014-10-27,13.61056900024414,440900,0.0
2014-10-28,13.61056900024414,946700,0.0
2014-10-29,13.673789978027344,635700,0.0
2014-10-30,13.60153579711914,475900,0.0
2014-10-31,13.592504501342773,375600,0.0
2014-11-03,13.637664794921875,349700,0.0
2014-11-04,13.312524795532227,621200,0.0
2014-11-05,13.420907020568848,311300,0.0
2014-11-06,13.53831672668457,1647600,0.0
2014-11-07,13.402843475341797,985000,0.0
2014-11-10,13.493158340454102,294200,0.0
2014-11-11,13.47509479522705,528700,0.0
2014-11-12,13.547348976135254,999400,0.0
2014-11-13,13.384780883789062,1626300,0.0
2014-11-14,13.529284477233887,1165700,0.0
2014-11-17,13.493158340454102,2000000,0.0
2014-11-18,13.466064453125,1958400,0.0
2014-11-19,13.529284477233887,4737900,0.0
2014-11-20,13.33059024810791,5445700,0.0
2014-11-21,13.393810272216797,2172400,0.0
2014-11-24,13.592504501342773,3770100,0.0
2014-11-25,13.565412521362305,2622900,0.0
2014-11-26,13.72797966003418,1732100,0.0
2014-11-28,13.592504501342773,980200,0.0
2014-12-01,13.592504501342773,2909000,0.0
2014-12-02,13.755074501037598,2036000,0.0
2014-12-03,13.773138046264648,2691700,0.0
2014-12-04,13.691853523254395,1956000,0.0
2014-12-05,13.755074501037598,2038500,0.0
2014-12-08,13.53831672668457,1668800,0.0
2014-12-09,13.64669418334961,3162200,0.0
2014-12-10,13.429936408996582,1923700,0.0
2014-12-11,13.348652839660645,1431700,0.0
2014-12-12,13.231242179870605,1970400,0.0
2014-12-15,12.869980812072754,2108900,0.0
2014-12-16,12.86094856262207,1635700,0.0
2014-12-17,12.978360176086426,1458600,0.0
2014-12-18,13.077706336975098,1226400,0.0
2014-12-19,13.177054405212402,2721900,0.0
2014-12-22,13.321557998657227,1629000,0.0
2014-12-23,13.53831672668457,1117900,0.0
2014-12-24,13.47509479522705,331400,0.0
2014-12-26,13.583473205566406,492500,0.0
2014-12-29,13.664758682250977,518900,0.0
2014-12-30,13.709916114807129,695000,0.0
2014-12-31,13.619601249694824,644100,0.0
2015-01-02,13.529284477233887,905000,0.0
2015-01-05,13.222210884094238,1018500,0.0
2015-01-06,13.068674087524414,1197100,0.0
2015-01-07,13.014483451843262,1074300,0.0
2015-01-08,13.312524795532227,887000,0.0
2015-01-09,13.438970565795898,905500,0.0
2015-01-12,13.294465065002441,537100,0.0
2015-01-13,13.276400566101074,664500,0.0
2015-01-14,13.213177680969238,1410700,0.0
2015-01-15,13.131896018981934,991900,0.0
2015-01-16,13.131896018981934,316600,0.0
2015-01-20,13.041581153869629,753000,0.0
2015-01-21,13.05061149597168,457000,0.0
2015-01-22,13.276400566101074,711100,0.0
2015-01-23,13.240273475646973,720000,0.0
2015-01-26,13.529284477233887,413400,0.0
2015-01-27,13.466064453125,1151200,0.0
2015-01-28,13.321557998657227,1621900,0.0
2015-01-29,13.05964469909668,734900,0.0
2015-01-30,13.041581153869629,1946600,0.0
2015-02-02,13.077706336975098,874500,0.0
2015-02-03,13.664758682250977,1185000,0.0
2015-02-04,13.64669418334961,801800,0.0
2015-02-05,13.74604320526123,882100,0.0
2015-02-06,14.242777824401855,1517900,0.0
2015-02-09,14.60404109954834,1105900,0.0
2015-02-10,14.721449851989746,1920900,0.0
2015-02-11,14.721449851989746,1645800,0.0
2015-02-12,14.775640487670898,437800,0.0
2015-02-13,14.820798873901367,456100,0.0
2015-02-17,14.956273078918457,719500,0.0
2015-02-18,14.911111831665039,633000,0.0
2015-02-19,14.94724178314209,360100,0.0
2015-02-20,15.055619239807129,712900,0.0
2015-02-23,15.26334285736084,1342800,0.0
2015-02-24,15.272377967834473,1172600,0.0
2015-02-25,15.36269474029541,896300,0.0
2015-02-26,15.227218627929688,773500,0.0
2015-02-27,15.191092491149902,1153700,0.0
2015-03-02,15.353662490844727,637200,0.0
2015-03-03,15.100778579711914,713100,0.0
2015-03-04,15.010458946228027,1188700,0.0
2015-03-05,15.037556648254395,1211700,0.0
2015-03-06,14.820798873901367,705500,0.0
2015-03-09,14.712422370910645,756200,0.0
2015-03-10,14.387285232543945,1872200,0.0
2015-03-11,14.504693984985352,993300,0.0
2015-03-12,14.847894668579102,537500,0.0
2015-03-13,14.802736282348633,1472800,0.0
2015-03-16,14.974334716796875,769400,0.0
2015-03-17,14.86595630645752,677900,0.0
2015-03-18,14.983366966247559,922200,0.0
2015-03-19,14.81176471710205,1074900,0.0
2015-03-20,14.938206672668457,603000,0.0
2015-03-23,15.001431465148926,1044400,0.0
2015-03-24,14.956273078918457,1274800,0.0
2015-03-25,14.66726303100586,1304100,0.0
2015-03-26,14.46856689453125,977400,0.0
2015-03-27,14.405345916748047,641900,0.0
2015-03-30,14.486632347106934,469300,0.0
2015-03-31,14.333093643188477,952700,0.0
2015-04-01,14.387285232543945,1564600,0.0
2015-04-02,14.441472053527832,596100,0.0
2015-04-06,14.531789779663086,282400,0.0
2015-04-07,14.405345916748047,325200,0.0
2015-04-08,14.351155281066895,1189600,0.0
2015-04-09,14.19762134552002,738200,0.0
2015-04-10,14.20665168762207,451500,0.0
2015-04-13,14.396313667297363,603400,0.0
2015-04-14,14.315032005310059,878900,0.0
2015-04-15,14.305998802185059,634300,0.0
2015-04-16,14.179556846618652,1388100,0.0
2015-04-17,13.98989200592041,1129800,0.0
2015-04-20,13.980862617492676,899300,0.0
2015-04-21,13.863452911376953,699500,0.0
2015-04-22,13.917642593383789,2791400,0.0
2015-04-23,13.962799072265625,1023100,0.0
2015-04-24,13.93570613861084,464000,0.0
2015-04-27,13.971831321716309,1765700,0.0
2015-04-28,14.324060440063477,1510900,0.0
2015-04-29,14.143431663513184,1637400,0.0
2015-04-30,14.06214714050293,1836000,0.0
2015-05-01,14.387285232543945,1244200,0.0
2015-05-04,14.513726234436035,855200,0.0
2015-05-05,14.378252029418945,1543900,0.0
2015-05-06,13.466064453125,3899100,0.0
2015-05-07,13.466064453125,1733100,0.0
2015-05-08,13.628632545471191,470100,0.0
2015-05-11,14.08021068572998,2150400,0.0
2015-05-12,13.709916114807129,1409900,0.0
2015-05-13,13.637664794921875,1496900,0.0
2015-05-14,13.673789978027344,1001600,0.0
2015-05-15,13.8182954788208,808100,0.0
2015-05-18,13.863452911376953,1189400,0.0
2015-05-19,13.899579048156738,454900,0.0
2015-05-20,13.845389366149902,790400,0.0
2015-05-21,13.87248420715332,404800,0.0
2015-05-22,13.773138046264648,528200,0.0
2015-05-26,13.583473205566406,848700,0.0
2015-05-27,13.664758682250977,766700,0.0
2015-05-28,13.637664794921875,760600,0.0
2015-05-29,13.502188682556152,887400,0.0
2015-06-01,13.547348976135254,601200,0.0
2015-06-02,13.466064453125,706300,0.0
2015-06-03,13.493158340454102,495700,0.0
2015-06-04,13.294465065002441,605900,0.0
2015-06-05,13.222210884094238,781100,0.0
2015-06-08,13.158989906311035,613600,0.0
2015-06-09,12.91513729095459,866700,0.0
2015-06-10,12.906105995178223,1272400,0.0
2015-06-11,12.879011154174805,859100,0.0
2015-06-12,12.806760787963867,752600,0.0
2015-06-15,12.689350128173828,644200,0.0
2015-06-16,12.63515853881836,544700,0.0
2015-06-17,12.599032402038574,744500,0.0
2015-06-18,12.851916313171387,1145000,0.0
2015-06-19,13.168022155761719,1702100,0.0
2015-06-22,13.258338928222656,806300,0.0
2015-06-23,13.240273475646973,1188800,0.0
2015-06-24,13.068674087524414,1724900,0.0
2015-06-25,12.951264381408691,1389500,0.0
2015-06-26,13.20414924621582,8440600,0.0
2015-06-29,12.671285629272461,1247600,0.0
2015-06-30,12.86094856262207,1557200,0.0
2015-07-01,12.91513729095459,1063600,0.0
2015-07-02,12.833852767944336,1097800,0.0
2015-07-06,12.490655899047852,2606800,0.0
2015-07-07,12.671285629272461,1439600,0.0
2015-07-08,12.472593307495117,1055600,0.0
2015-07-09,12.418403625488281,1022900,0.0
2015-07-10,12.490655899047852,425900,0.0
2015-07-13,12.644190788269043,1106400,0.0
2015-07-14,12.662256240844727,472000,0.0
2015-07-15,12.734508514404297,822900,0.0
2015-07-16,12.906105995178223,619500,0.0
2015-07-17,12.960295677185059,893000,0.0
2015-07-20,13.077706336975098,571600,0.0
2015-07-21,12.86094856262207,740500,0.0
2015-07-22,12.879011154174805,972200,0.0
2015-07-23,13.014483451843262,922000,0.0
2015-07-24,13.032548904418945,1434700,0.0
2015-07-27,12.960295677185059,1272100,0.0
2015-07-28,12.906105995178223,688800,0.0
2015-07-29,12.951264381408691,1447800,0.0
2015-07-30,12.906105995178223,901200,0.0
2015-07-31,12.888043403625488,702600,0.0
2015-08-03,12.698382377624512,1018100,0.0
2015-08-04,12.761602401733398,629400,0.0
2015-08-05,12.824822425842285,1037800,0.0
2015-08-06,12.38227653503418,1560500,0.0
2015-08-07,12.490655899047852,431500,0.0
2015-08-10,12.662256240844727,682700,0.0
2015-08-11,12.409371376037598,1136400,0.0
2015-08-12,12.508718490600586,1230000,0.0
2015-08-13,13.448001861572266,1712500,0.0
2015-08-14,13.466064453125,1362200,0.0
2015-08-17,13.60153579711914,1247800,0.0
2015-08-18,13.529284477233887,1000300,0.0
2015-08-19,13.448001861572266,895400,0.0
2015-08-20,12.79772663116455,1032000,0.0
2015-08-21,12.52678108215332,2112700,0.0
2015-08-24,11.777161598205566,3264900,0.0
2015-08-25,11.894569396972656,4156100,0.0
2015-08-26,12.129393577575684,2289100,0.0
2015-08-27,12.472593307495117,1585500,0.0
2015-08-28,12.662256240844727,1300400,0.0
2015-08-31,12.490655899047852,1245000,0.0
2015-09-01,12.021014213562012,2551200,0.0
2015-09-02,12.039074897766113,2068100,0.0
2015-09-03,12.264863967895508,1266300,0.0
2015-09-04,11.822319984436035,1215000,0.0
2015-09-08,12.156487464904785,1508200,0.0
2015-09-09,12.039074897766113,1315100,0.0
2015-09-10,11.876507759094238,1327300,0.0
2015-09-11,11.876507759094238,966500,0.0
2015-09-14,11.739996910095215,1234200,0.1
2015-09-15,11.812803268432617,936700,0.0
2015-09-16,11.83100414276123,1358600,0.0
2015-09-17,11.967514991760254,3200800,0.0
2015-09-18,11.67629337310791,18792600,0.0
2015-09-21,11.739996910095215,2148300,0.0
2015-09-22,11.74909782409668,3045300,0.0
2015-09-23,11.67629337310791,1316600,0.0
2015-09-24,11.721795082092285,1146300,0.0
2015-09-25,11.703592300415039,1250800,0.0
2015-09-28,11.321359634399414,1776300,0.0
2015-09-29,11.303160667419434,1078500,0.0
2015-09-30,11.667190551757812,1144200,0.0
2015-10-01,11.71269416809082,1287900,0.0
2015-10-02,11.958414077758789,1408300,0.0
2015-10-05,12.267839431762695,1144600,0.0
2015-10-06,12.331547737121582,1666600,0.0
2015-10-07,12.45895767211914,1622700,0.0
2015-10-08,12.832091331481934,1436000,0.0
2015-10-09,12.84118938446045,1009300,0.0
2015-10-12,12.82298755645752,728700,0.0
2015-10-13,12.768383026123047,509300,0.0
2015-10-14,12.913996696472168,834100,0.0
2015-10-15,13.150614738464355,1025300,0.0
2015-10-16,13.350833892822266,664900,0.0
2015-10-19,13.43274211883545,928900,0.0
2015-10-20,13.460040092468262,814500,0.0
2015-10-21,13.123315811157227,827600,0.0
2015-10-22,13.505547523498535,987100,0.0
2015-10-23,13.787668228149414,1095200,0.0
2015-10-26,13.514647483825684,833300,0.0
2015-10-27,13.405436515808105,1296000,0.0
2015-10-28,13.669361114501953,1489900,0.0
2015-10-29,13.805871963500977,989100,0.0
2015-10-30,14.087996482849121,1418000,0.0
2015-11-02,14.279112815856934,1062400,0.0
2015-11-03,14.169902801513672,893400,0.0
2015-11-04,14.206304550170898,1336700,0.0
2015-11-05,14.00609016418457,1161100,0.0
2015-11-06,13.778570175170898,1701700,0.0
2015-11-09,13.359933853149414,1784100,0.0
2015-11-10,13.323530197143555,840200,0.0
2015-11-11,13.278026580810547,1126900,0.0
2015-11-12,12.995903968811035,1294000,0.0
2015-11-13,12.704676628112793,1416900,0.0
2015-11-16,12.977701187133789,952200,0.0
2015-11-17,12.950399398803711,677000,0.0
2015-11-18,13.068709373474121,678200,0.0
2015-11-19,12.977701187133789,1111200,0.0
2015-11-20,13.123315811157227,911800,0.0
2015-11-23,13.15971851348877,574400,0.0
2015-11-24,13.287129402160645,704700,0.0
2015-11-25,13.287129402160645,547000,0.0
2015-11-27,13.077810287475586,286000,0.0
2015-11-30,13.15971851348877,1065800,0.0
2015-12-01,13.450940132141113,624600,0.0
2015-12-02,13.29622745513916,731000,0.0
2015-12-03,12.777483940124512,1904100,0.0
2015-12-04,13.023205757141113,827200,0.0
2015-12-07,12.895793914794922,863000,0.0
2015-12-08,12.549965858459473,685000,0.0
2015-12-09,12.577266693115234,1177200,0.0
2015-12-10,12.84118938446045,870000,0.0
2015-12-11,12.431656837463379,609100,0.0
2015-12-14,12.413453102111816,1187800,0.0
2015-12-15,12.568169593811035,875600,0.0
2015-12-16,12.813888549804688,1000700,0.0
2015-12-17,12.513561248779297,972300,0.0
2015-12-18,12.39525318145752,2137800,0.0
2015-12-21,12.586369514465332,1550200,0.0
2015-12-22,12.604569435119629,1008100,0.0
2015-12-23,12.968599319458008,1544300,0.0
2015-12-24,12.950399398803711,455400,0.0
2015-12-28,12.795687675476074,489300,0.0
2015-12-29,13.005003929138184,644200,0.0
2015-12-30,12.832091331481934,580800,0.0
2015-12-31,12.704676628112793,564800,0.0
2016-01-04,12.440756797790527,1400000,0.0
2016-01-05,11.931111335754395,2102000,0.0
2016-01-06,12.040322303771973,1916000,0.0
2016-01-07,11.840104103088379,1825500,0.0
2016-01-08,11.840104103088379,1434600,0.0
2016-01-11,11.521577835083008,1731500,0.0
2016-01-12,11.67629337310791,832700,0.0
2016-01-13,11.403267860412598,901100,0.0
2016-01-14,11.912912368774414,1158600,0.0
2016-01-15,11.658090591430664,1583000,0.0
2016-01-19,11.585284233093262,1064800,0.0
2016-01-20,11.357763290405273,1552900,0.0
2016-01-21,11.57618236541748,653200,0.0
2016-01-22,11.867406845092773,1106100,0.0
2016-01-25,11.67629337310791,818900,0.0
2016-01-26,11.976614952087402,773800,0.0
2016-01-27,11.885607719421387,666200,0.0
2016-01-28,11.994817733764648,596400,0.0
2016-01-29,12.149531364440918,716700,0.0
2016-02-01,11.940214157104492,850300,0.0
2016-02-02,11.439669609069824,898600,0.0
2016-02-03,11.548880577087402,1637200,0.0
2016-02-04,11.630785942077637,2195600,0.0
2016-02-05,10.84812068939209,5496100,0.0
2016-02-08,10.24747085571289,2870500,0.0
2016-02-09,10.092757225036621,1922700,0.0
2016-02-10,10.129158020019531,1427000,0.0
2016-02-11,9.910740852355957,1162000,0.0
2016-02-12,10.256570816040039,2223700,0.0
2016-02-16,10.50229263305664,1238800,0.0
2016-02-17,10.556897163391113,1171600,0.0
2016-02-18,10.42038345336914,965100,0.0
2016-02-19,10.547796249389648,1933800,0.0
2016-02-22,10.693408012390137,600200,0.0
2016-02-23,10.575098037719727,1435700,0.0
2016-02-24,10.511391639709473,689300,0.0
2016-02-25,10.456787109375,904900,0.0
2016-02-26,10.538695335388184,496900,0.0
2016-02-29,10.38398265838623,837100,0.0
2016-03-01,10.37488079071045,920400,0.0
2016-03-02,10.529594421386719,650200,0.0
2016-03-03,10.538695335388184,787300,0.0
2016-03-04,10.675206184387207,1256400,0.0
2016-03-07,10.968935012817383,623600,0.1
2016-03-08,10.638489723205566,843700,0.0
2016-03-09,10.867964744567871,1154400,0.0
2016-03-10,10.76699447631836,792400,0.0
2016-03-11,11.381990432739258,750500,0.0
2016-03-14,11.152515411376953,815900,0.0
2016-03-15,11.281021118164062,1308100,0.0
2016-03-16,11.730793952941895,3958400,0.0
2016-03-17,12.024521827697754,901000,0.0
2016-03-18,11.850120544433594,1202200,0.0
2016-03-21,11.941910743713379,515400,0.0
2016-03-22,12.116312980651855,979000,0.0
2016-03-23,11.951091766357422,1791500,0.0
2016-03-24,11.978625297546387,662600,0.0
2016-03-28,12.263175964355469,864900,0.0
2016-03-29,12.299893379211426,463500,0.0
2016-03-30,12.162208557128906,1201900,0.0
2016-03-31,12.162208557128906,557700,0.0
2016-04-01,12.419219970703125,577000,0.0
2016-04-04,12.12549114227295,915700,0.0
2016-04-05,11.978625297546387,560900,0.0
2016-04-06,12.162208557128906,986500,0.0
2016-04-07,11.923552513122559,1100700,0.0
2016-04-08,11.721612930297852,1552300,0.0
2016-04-11,11.675721168518066,469200,0.0
2016-04-12,11.850120544433594,474400,0.0
2016-04-13,12.01534366607666,617500,0.0
2016-04-14,12.097955703735352,886800,0.0
2016-04-15,12.024521827697754,534900,0.0
2016-04-18,11.85930061340332,855600,0.0
2016-04-19,11.914374351501465,473000,0.0
2016-04-20,11.905195236206055,531900,0.0
2016-04-21,12.12549114227295,848900,0.0
2016-04-22,12.208101272583008,879200,0.0
2016-04-25,12.006163597106934,666000,0.0
2016-04-26,12.180566787719727,594500,0.0
2016-04-27,12.107132911682129,747900,0.0
2016-04-28,11.996983528137207,666200,0.0
2016-04-29,11.896016120910645,732900,0.0
2016-05-02,12.097955703735352,660900,0.0
2016-05-03,11.776688575744629,661100,0.0
2016-05-04,11.648181915283203,777900,0.0
2016-05-05,11.684897422790527,449400,0.0
2016-05-06,12.079598426818848,1411100,0.0
2016-05-09,11.675721168518066,726100,0.0
2016-05-10,11.721612930297852,535100,0.0
2016-05-11,11.593108177185059,999500,0.0
2016-05-12,11.336098670959473,764000,0.0
2016-05-13,11.060725212097168,802800,0.0
2016-05-16,11.18005084991455,769300,0.0
2016-05-17,11.097442626953125,666300,0.0
2016-05-18,11.014829635620117,1634600,0.0
2016-05-19,10.959755897521973,1106500,0.0
2016-05-20,11.244304656982422,956800,0.0
2016-05-23,11.124979019165039,639300,0.0
2016-05-24,11.216769218444824,748000,0.0
2016-05-25,11.391170501708984,544400,0.0
2016-05-26,11.235125541687012,681100,0.0
2016-05-27,11.290201187133789,749100,0.0
2016-05-31,11.32691764831543,1223800,0.0
2016-06-01,11.372814178466797,1682300,0.0
2016-06-02,11.427885055541992,1412800,0.0
2016-06-03,11.317737579345703,693300,0.0
2016-06-06,11.492138862609863,540300,0.0
2016-06-07,11.225945472717285,894800,0.0
2016-06-08,11.225945472717285,824700,0.0
2016-06-09,11.13415813446045,1179800,0.0
2016-06-10,10.867964744567871,1033300,0.0
2016-06-13,10.923039436340332,620900,0.0
2016-06-14,10.81289005279541,721800,0.0
2016-06-15,11.005650520324707,736700,0.0
2016-06-16,10.757818222045898,793500,0.0
2016-06-17,10.66602611541748,839200,0.0
2016-06-20,10.8037109375,446000,0.0
2016-06-21,10.886322975158691,722700,0.0
2016-06-22,11.069903373718262,1051000,0.0
2016-06-23,11.198408126831055,690800,0.0
2016-06-24,10.555878639221191,1339500,0.0
2016-06-27,10.041851043701172,1090100,0.0
2016-06-28,10.115286827087402,1418600,0.0
2016-06-29,10.574237823486328,1199700,0.0
2016-06-30,10.711920738220215,706200,0.0
2016-07-01,10.8037109375,478100,0.0
2016-07-05,10.693565368652344,1485500,0.0
2016-07-06,10.721100807189941,1272600,0.0
2016-07-07,10.81289005279541,984600,0.0
2016-07-08,11.051545143127441,1173800,0.0
2016-07-11,11.244304656982422,591400,0.0
2016-07-12,11.565571784973145,943000,0.0
2016-07-13,11.694076538085938,625800,0.0
2016-07-14,11.776688575744629,542600,0.0
2016-07-15,11.749151229858398,858900,0.0
2016-07-18,11.868480682373047,584000,0.0
2016-07-19,11.914374351501465,910800,0.0
2016-07-20,11.9602689743042,1103200,0.0
2016-07-21,11.840941429138184,944500,0.0
2016-07-22,11.9602689743042,994500,0.0
2016-07-25,11.98780632019043,605600,0.0
2016-07-26,12.153029441833496,1020700,0.0
2016-07-27,12.079598426818848,1200400,0.0
2016-07-28,12.079598426818848,556200,0.0
2016-07-29,12.336607933044434,1040000,0.0
2016-08-01,12.217281341552734,706000,0.0
2016-08-02,12.061240196228027,564900,0.0
2016-08-03,12.033700942993164,470900,0.0
2016-08-04,12.116312980651855,568100,0.0
2016-08-05,12.189745903015137,652400,0.0
2016-08-08,12.153029441833496,506500,0.0
2016-08-09,12.639516830444336,1109500,0.0
2016-08-10,12.602801322937012,1017000,0.0
2016-08-11,12.749666213989258,998000,0.0
2016-08-12,12.887351036071777,637600,0.0
2016-08-15,13.006677627563477,535200,0.0
2016-08-16,12.997498512268066,776700,0.0
2016-08-17,13.015856742858887,1042700,0.0
2016-08-18,12.988320350646973,1221100,0.0
2016-08-19,12.951603889465332,755400,0.0
2016-08-22,13.061751365661621,1015500,0.0
2016-08-23,13.052573204040527,586600,0.0
2016-08-24,13.043394088745117,1208100,0.0
2016-08-25,13.061751365661621,1125000,0.0
2016-08-26,13.162721633911133,845800,0.0
2016-08-29,13.199438095092773,748900,0.0
2016-08-30,13.171900749206543,495100,0.0
2016-08-31,13.245331764221191,960500,0.0
2016-09-01,13.135184288024902,1407600,0.0
2016-09-02,13.080110549926758,1642600,0.0
2016-09-06,12.887351036071777,1495100,0.0
2016-09-07,12.933245658874512,1203700,0.0
2016-09-08,13.006677627563477,1498600,0.0
2016-09-09,12.611980438232422,956000,0.0
2016-09-12,13.407163619995117,3833400,0.1
2016-09-13,13.176005363464355,7771400,0.0
2016-09-14,13.259222984313965,5965800,0.0
2016-09-15,13.102035522460938,4902400,0.0
2016-09-16,12.94484806060791,3552800,0.0
2016-09-19,12.94484806060791,1563000,0.0
2016-09-20,13.009571075439453,1713700,0.0
2016-09-21,13.203744888305664,993900,0.0
2016-09-22,13.434903144836426,988000,0.0
2016-09-23,13.379423141479492,387900,0.0
2016-09-26,13.120527267456055,824500,0.0
2016-09-27,13.240729331970215,547400,0.0
2016-09-28,13.194499015808105,1699700,0.0
2016-09-29,13.065051078796387,1920800,0.0
2016-09-30,13.148266792297363,2207100,0.0
2016-10-03,13.804756164550781,5017500,0.0
2016-10-04,13.582844734191895,5543600,0.0
2016-10-05,14.026666641235352,4856800,0.0
2016-10-06,13.943450927734375,5427000,0.0
2016-10-07,13.425658226013184,1357100,0.0
2016-10-10,13.176005363464355,1420500,0.0
2016-10-11,12.94484806060791,866100,0.0
2016-10-12,12.713688850402832,905600,0.0
2016-10-13,12.80615234375,643900,0.0
2016-10-14,12.713688850402832,595100,0.0
2016-10-17,12.759922981262207,417400,0.0
2016-10-18,12.852384567260742,711800,0.0
2016-10-19,12.94484806060791,673400,0.0
2016-10-20,12.759922981262207,782900,0.0
2016-10-21,12.667457580566406,690600,0.0
2016-10-24,12.2051420211792,2206900,0.0
2016-10-25,12.020216941833496,773000,0.0
2016-10-26,12.15891170501709,747600,0.0
2016-10-27,11.650362968444824,1382600,0.0
2016-10-28,11.557900428771973,781900,0.0
2016-10-31,11.465435981750488,1360000,0.0
2016-11-01,11.465435981750488,969800,0.0
2016-11-02,11.18804931640625,966000,0.0
2016-11-03,11.234277725219727,1115400,0.0
2016-11-04,11.234277725219727,1182400,0.0
2016-11-07,11.557900428771973,626800,0.0
2016-11-08,11.18804931640625,1284400,0.0
2016-11-09,11.419207572937012,749500,0.0
2016-11-10,11.419207572937012,1141300,0.0
2016-11-11,11.419207572937012,1225600,0.0
2016-11-14,11.557900428771973,1271100,0.0
2016-11-15,11.419207572937012,671600,0.0
2016-11-16,11.419207572937012,850400,0.0
2016-11-17,11.419207572937012,462300,0.0
2016-11-18,11.280508041381836,475300,0.0
2016-11-21,11.141815185546875,742100,0.0
2016-11-22,11.09558391571045,781800,0.0
2016-11-23,11.18804931640625,536500,0.0
2016-11-25,11.18804931640625,374000,0.0
2016-11-28,11.18804931640625,1033100,0.0
2016-11-29,11.003120422363281,677400,0.0
2016-11-30,11.049351692199707,497000,0.0
2016-12-01,11.09558391571045,539600,0.0
2016-12-02,11.141815185546875,1113100,0.0
2016-12-05,11.141815185546875,716000,0.0
2016-12-06,11.141815185546875,1248200,0.0
2016-12-07,11.234277725219727,1564300,0.0
2016-12-08,11.280508041381836,1207100,0.0
2016-12-09,11.465435981750488,686600,0.0
2016-12-12,11.372974395751953,1064600,0.0
2016-12-13,11.326741218566895,2570800,0.0
2016-12-14,11.280508041381836,892100,0.0
2016-12-15,11.141815185546875,744700,0.0
2016-12-16,11.09558391571045,1498600,0.0
2016-12-19,11.234277725219727,478700,0.0
2016-12-20,11.049351692199707,966200,0.0
2016-12-21,11.141815185546875,712700,0.0
2016-12-22,11.141815185546875,363400,0.0
2016-12-23,11.141815185546875,182200,0.0
2016-12-27,11.326741218566895,298500,0.0
2016-12-28,11.141815185546875,376300,0.0
2016-12-29,11.141815185546875,685800,0.0
2016-12-30,10.910656929016113,550900,0.0
2017-01-03,11.141815185546875,912900,0.0
2017-01-04,11.326741218566895,736600,0.0
2017-01-05,11.326741218566895,812100,0.0
2017-01-06,11.326741218566895,367900,0.0
2017-01-09,11.465435981750488,471000,0.0
2017-01-10,11.557900428771973,638900,0.0
2017-01-11,11.604129791259766,800000,0.0
2017-01-12,11.511667251586914,1157000,0.0
2017-01-13,11.511667251586914,381700,0.0
2017-01-17,11.742826461791992,529800,0.0
2017-01-18,11.604129791259766,867600,0.0
2017-01-19,11.511667251586914,439800,0.0
2017-01-20,11.419207572937012,644200,0.0
2017-01-23,11.465435981750488,471000,0.0
2017-01-24,11.650362968444824,359000,0.0
2017-01-25,11.742826461791992,792000,0.0
2017-01-26,11.604129791259766,424200,0.0
2017-01-27,11.69659423828125,613300,0.0
2017-01-30,11.742826461791992,445300,0.0
2017-01-31,11.69659423828125,457700,0.0
2017-02-01,11.742826461791992,379500,0.0
2017-02-02,11.650362968444824,414100,0.0
2017-02-03,11.650362968444824,280000,0.0
2017-02-06,11.604129791259766,185800,0.0
2017-02-07,11.604129791259766,386500,0.0
2017-02-08,11.511667251586914,283600,0.0
2017-02-09,11.789057731628418,494600,0.0
2017-02-10,12.574994087219238,749200,0.0
2017-02-13,12.343835830688477,658600,0.0
2017-02-14,12.343835830688477,561300,0.0
2017-02-15,12.436301231384277,1495500,0.0
2017-02-16,12.390069007873535,557100,0.0
2017-02-17,12.482529640197754,634200,0.0
2017-02-21,12.62122631072998,850300,0.0
2017-02-22,12.574994087219238,421900,0.0
2017-02-23,12.482529640197754,441700,0.0
2017-02-24,12.390069007873535,277300,0.0
2017-02-27,12.390069007873535,596700,0.0
2017-02-28,12.2051420211792,515800,0.0
2017-03-01,12.390069007873535,353800,0.0
2017-03-02,12.251373291015625,455800,0.0
2017-03-03,12.251373291015625,417300,0.0
2017-03-06,12.251373291015625,328800,0.0
2017-03-07,12.020216941833496,498900,0.0
2017-03-08,11.835289001464844,458400,0.0
2017-03-09,11.835289001464844,406100,0.0
2017-03-10,11.835289001464844,322800,0.0
2017-03-13,11.695501327514648,441400,0.1
2017-03-14,11.83528995513916,294900,0.0
2017-03-15,12.021672248840332,386500,0.0
2017-03-16,12.021672248840332,274500,0.0
2017-03-17,12.068268775939941,559100,0.0
2017-03-20,12.021672248840332,210700,0.0
2017-03-21,11.975077629089355,610900,0.0
2017-03-22,12.068268775939941,593200,0.0
2017-03-23,12.068268775939941,804000,0.0
2017-03-24,12.068268775939941,512900,0.0
2017-03-27,12.068268775939941,553400,0.0
2017-03-28,12.347841262817383,548700,0.0
2017-03-29,12.534224510192871,790300,0.0
2017-03-30,12.76720142364502,2143100,0.0
2017-03-31,12.580817222595215,511300,0.0
2017-04-03,12.347841262817383,446300,0.0
2017-04-04,12.254651069641113,569500,0.0
2017-04-05,12.161456108093262,455100,0.0
2017-04-06,12.068268775939941,396000,0.0
2017-04-07,12.021672248840332,159200,0.0
2017-04-10,12.021672248840332,300900,0.0
2017-04-11,11.975077629089355,381600,0.0
2017-04-12,12.068268775939941,416400,0.0
2017-04-13,11.83528995513916,319500,0.0
2017-04-17,11.975077629089355,279700,0.0
2017-04-18,11.83528995513916,413400,0.0
2017-04-19,11.975077629089355,249800,0.0
2017-04-20,12.441031455993652,457800,0.0
2017-04-21,12.39443588256836,453400,0.0
2017-04-24,12.441031455993652,1093400,0.0
2017-04-25,12.534224510192871,199900,0.0
2017-04-26,12.347841262817383,712400,0.0
2017-04-27,12.301246643066406,524100,0.0
2017-04-28,12.114864349365234,894200,0.0
2017-05-01,12.114864349365234,234500,0.0
2017-05-02,12.021672248840332,316300,0.0
2017-05-03,11.975077629089355,371100,0.0
2017-05-04,11.975077629089355,347900,0.0
2017-05-05,12.114864349365234,193400,0.0
2017-05-08,12.208054542541504,369100,0.0
2017-05-09,12.487627983093262,786600,0.0
2017-05-10,12.161456108093262,683300,0.0
2017-05-11,12.114864349365234,554300,0.0
2017-05-12,12.161456108093262,394600,0.0
2017-05-15,12.39443588256836,299500,0.0
2017-05-16,12.39443588256836,332700,0.0
2017-05-17,12.161456108093262,482900,0.0
2017-05-18,12.161456108093262,548000,0.0
2017-05-19,12.301246643066406,230600,0.0
2017-05-22,12.62741470336914,214100,0.0
2017-05-23,12.580817222595215,305200,0.0
2017-05-24,12.720606803894043,229400,0.0
2017-05-25,12.674009323120117,187800,0.0
2017-05-26,12.860393524169922,314500,0.0
2017-05-30,12.720606803894043,244700,0.0
2017-05-31,12.76720142364502,329500,0.0
2017-06-01,13.046775817871094,420400,0.0
2017-06-02,13.000181198120117,1191500,0.0
2017-06-05,12.860393524169922,1358900,0.0
2017-06-06,12.953583717346191,1304400,0.0
2017-06-07,12.860393524169922,1307600,0.0
2017-06-08,13.000181198120117,415100,0.0
2017-06-09,13.13996696472168,291400,0.0
2017-06-12,13.093371391296387,254400,0.0
2017-06-13,13.000181198120117,201500,0.0
2017-06-14,13.046775817871094,960300,0.0
2017-06-15,13.093371391296387,255600,0.0
2017-06-16,13.186562538146973,815100,0.0
2017-06-19,13.279753684997559,191000,0.0
2017-06-20,13.046775817871094,412100,0.0
2017-06-21,13.000181198120117,327000,0.0
2017-06-22,13.000181198120117,196000,0.0
2017-06-23,13.093371391296387,537000,0.0
2017-06-26,13.13996696472168,197900,0.0
2017-06-27,13.13996696472168,375100,0.0
2017-06-28,13.326349258422852,372500,0.0
2017-06-29,13.093371391296387,507000,0.0
2017-06-30,13.186562538146973,216300,0.0
2017-07-03,13.326349258422852,226200,0.0
2017-07-05,13.186562538146973,273700,0.0
2017-07-06,12.720606803894043,365100,0.0
2017-07-07,12.813796997070312,482300,0.0
2017-07-10,12.62741470336914,288000,0.0
2017-07-11,12.813796997070312,312800,0.0
2017-07-12,12.674009323120117,300700,0.0
2017-07-13,12.76720142364502,249100,0.0
2017-07-14,13.046775817871094,482700,0.0
2017-07-17,13.13996696472168,394500,0.0
2017-07-18,13.093371391296387,197400,0.0
2017-07-19,13.372944831848145,208300,0.0
2017-07-20,13.372944831848145,228200,0.0
2017-07-21,13.46613597869873,507900,0.0
2017-07-24,13.46613597869873,349800,0.0
2017-07-25,13.559328079223633,376600,0.0
2017-07-26,13.60592269897461,312000,0.0
2017-07-27,13.699113845825195,407900,0.0
2017-07-28,13.79230785369873,281100,0.0
2017-07-31,13.699113845825195,219200,0.0
2017-08-01,13.83890151977539,417700,0.0
2017-08-02,13.745709419250488,592900,0.0
2017-08-03,13.652519226074219,244300,0.0
2017-08-04,13.60592269897461,374200,0.0
2017-08-07,13.79230785369873,186200,0.0
2017-08-08,13.60592269897461,289700,0.0
2017-08-09,13.559328079223633,243100,0.0
2017-08-10,13.046775817871094,683200,0.0
2017-08-11,12.860393524169922,312200,0.0
2017-08-14,12.860393524169922,366700,0.0
2017-08-15,12.76720142364502,256500,0.0
2017-08-16,12.720606803894043,563900,0.0
2017-08-17,12.720606803894043,368400,0.0
2017-08-18,12.813796997070312,727900,0.0
2017-08-21,12.813796997070312,472900,0.0
2017-08-22,12.860393524169922,245600,0.0
2017-08-23,12.580817222595215,448200,0.0
2017-08-24,12.674009323120117,271600,0.0
2017-08-25,12.813796997070312,222100,0.0
2017-08-28,12.860393524169922,297100,0.0
2017-08-29,12.76720142364502,279700,0.0
2017-08-30,12.674009323120117,618500,0.0
2017-08-31,12.76720142364502,398000,0.0
2017-09-01,12.860393524169922,596700,0.0
2017-09-05,12.62741470336914,673600,0.0
2017-09-06,12.720606803894043,502900,0.0
2017-09-07,12.860393524169922,453200,0.0
2017-09-08,12.487627983093262,628100,0.0
2017-09-11,12.720606803894043,284100,0.0
2017-09-12,12.673666000366211,1061700,0.1
2017-09-13,12.485908508300781,651100,0.0
2017-09-14,12.532849311828613,868000,0.0
2017-09-15,12.626727104187012,1298200,0.0
2017-09-18,12.626727104187012,431300,0.0
2017-09-19,12.673666000366211,598500,0.0
2017-09-20,12.767546653747559,642100,0.0
2017-09-21,12.626727104187012,540200,0.0
2017-09-22,12.579787254333496,179200,0.0
2017-09-25,12.767546653747559,328300,0.0
2017-09-26,12.579787254333496,719500,0.0
2017-09-27,12.720606803894043,441500,0.0
2017-09-28,12.814484596252441,1023300,0.0
2017-09-29,12.814484596252441,360200,0.0
2017-10-02,12.861425399780273,357400,0.0
2017-10-03,12.861425399780273,281800,0.0
2017-10-04,12.861425399780273,287200,0.0
2017-10-05,12.861425399780273,492400,0.0
2017-10-06,12.814484596252441,285300,0.0
2017-10-09,12.720606803894043,136600,0.0
2017-10-10,13.002243995666504,806500,0.0
2017-10-11,12.908363342285156,291200,0.0
2017-10-12,13.002243995666504,208300,0.0
2017-10-13,13.190000534057617,204200,0.0
2017-10-16,13.190000534057617,268300,0.0
2017-10-17,13.096121788024902,157000,0.0
2017-10-18,13.236939430236816,568600,0.0
2017-10-19,13.04918098449707,202100,0.0
2017-10-20,13.236939430236816,457100,0.0
2017-10-23,13.143061637878418,286400,0.0
2017-10-24,13.096121788024902,544100,0.0
2017-10-25,13.143061637878418,439500,0.0
2017-10-26,13.143061637878418,474700,0.0
2017-10-27,13.096121788024902,545600,0.0
2017-10-30,13.283880233764648,245800,0.0
2017-10-31,13.04918098449707,266800,0.0
2017-11-01,13.190000534057617,447300,0.0
2017-11-02,13.190000534057617,475800,0.0
2017-11-03,13.330819129943848,299800,0.0
2017-11-06,13.659398078918457,347000,0.0
2017-11-07,13.518576622009277,372400,0.0
2017-11-08,13.56551742553711,371600,0.0
2017-11-09,13.84715461730957,525500,0.0
2017-11-10,14.598188400268555,935900,0.0
2017-11-13,14.645126342773438,491000,0.0
2017-11-14,14.598188400268555,396100,0.0
2017-11-15,14.598188400268555,339500,0.0
2017-11-16,15.020642280578613,384200,0.0
2017-11-17,15.208401679992676,1217800,0.0
2017-11-20,14.973702430725098,1028600,0.0
2017-11-21,14.973702430725098,2830100,0.0
2017-11-22,14.926761627197266,1876400,0.0
2017-11-24,14.926761627197266,197400,0.0
2017-11-27,14.973702430725098,666800,0.0
2017-11-28,15.349220275878906,795400,0.0
2017-11-29,15.443099975585938,966000,0.0
2017-11-30,15.396157264709473,912100,0.0
2017-12-01,15.443099975585938,764900,0.0
2017-12-04,15.72473430633545,1106500,0.0
2017-12-05,15.536974906921387,901500,0.0
2017-12-06,15.536974906921387,478400,0.0
2017-12-07,15.536974906921387,266500,0.0
2017-12-08,15.771673202514648,717500,0.0
2017-12-11,15.865551948547363,3117300,0.0
2017-12-12,15.536974906921387,563600,0.0
2017-12-13,15.490036964416504,839900,0.0
2017-12-14,15.443099975585938,854100,0.0
2017-12-15,15.349220275878906,1444800,0.0
2017-12-18,15.583915710449219,458800,0.0
2017-12-19,15.630853652954102,640800,0.0
2017-12-20,15.583915710449219,391900,0.0
2017-12-21,15.630853652954102,372400,0.0
2017-12-22,15.771673202514648,517300,0.0
2017-12-26,15.583915710449219,153000,0.0
2017-12-27,15.630853652954102,304000,0.0
2017-12-28,15.630853652954102,296600,0.0
2017-12-29,15.583915710449219,422000,0.0
2018-01-02,15.771673202514648,463900,0.0
2018-01-03,15.865551948547363,402500,0.0
2018-01-04,15.893714904785156,877800,0.0
2018-01-05,16.14719009399414,473100,0.0
2018-01-08,16.14719009399414,378900,0.0
2018-01-09,16.194129943847656,433500,0.0
2018-01-10,16.100252151489258,308900,0.0
2018-01-11,16.42882537841797,593000,0.0
2018-01-12,16.475767135620117,272000,0.0
2018-01-16,16.24106788635254,288100,0.0
2018-01-17,16.475767135620117,448500,0.0
2018-01-18,16.33494758605957,257500,0.0
2018-01-19,16.475767135620117,389700,0.0
2018-01-22,16.475767135620117,268600,0.0
2018-01-23,16.288007736206055,383900,0.0
2018-01-24,16.33494758605957,420700,0.0
2018-01-25,16.24106788635254,232900,0.0
2018-01-26,16.42882537841797,158500,0.0
2018-01-29,16.288007736206055,148600,0.0
2018-01-30,16.24106788635254,311400,0.0
2018-01-31,16.38189125061035,411700,0.0
2018-02-01,16.100252151489258,607200,0.0
2018-02-02,15.72473430633545,308300,0.0
2018-02-05,15.114520072937012,386600,0.0
2018-02-06,15.490036964416504,730400,0.0
2018-02-07,15.302278518676758,519800,0.0
2018-02-08,14.879823684692383,616600,0.0
2018-02-09,15.020642280578613,1151500,0.0
2018-02-12,15.161460876464844,1410800,0.0
2018-02-13,15.536974906921387,664900,0.0
2018-02-14,15.67779541015625,369400,0.0
2018-02-15,15.583915710449219,427900,0.0
2018-02-16,15.443099975585938,613700,0.0
2018-02-20,15.114520072937012,450800,0.0
2018-02-21,15.161460876464844,561900,0.0
2018-02-22,15.490036964416504,528100,0.0
2018-02-23,15.72473430633545,165700,0.0
2018-02-26,15.865551948547363,281700,0.0
2018-02-27,15.67779541015625,260300,0.0
2018-02-28,15.396157264709473,344600,0.0
2018-03-01,15.114520072937012,440700,0.0
2018-03-02,15.161460876464844,545800,0.0
2018-03-05,15.396157264709473,286800,0.0
2018-03-06,15.583915710449219,281700,0.0
2018-03-07,15.490036964416504,232300,0.0
2018-03-08,15.396157264709473,468200,0.0
2018-03-09,15.771673202514648,412400,0.0
2018-03-12,15.818613052368164,375000,0.0
2018-03-13,15.724172592163086,177300,0.1
2018-03-14,15.724172592163086,320700,0.0
2018-03-15,15.818613052368164,302600,0.0
2018-03-16,16.054712295532227,740500,0.0
2018-03-19,15.818613052368164,1239700,0.0
2018-03-20,15.818613052368164,330900,0.0
2018-03-21,15.960269927978516,1154900,0.0
2018-03-22,15.771393775939941,1320500,0.0
2018-03-23,15.110318183898926,1687900,0.0
2018-03-26,15.204756736755371,985800,0.0
2018-03-27,15.063097953796387,363000,0.0
2018-03-28,14.921438217163086,390700,0.0
2018-03-29,15.204756736755371,506300,0.0
2018-04-02,14.779779434204102,489500,0.0
2018-04-03,15.110318183898926,515500,0.0
2018-04-04,15.110318183898926,305000,0.0
2018-04-05,15.110318183898926,374600,0.0
2018-04-06,14.921438217163086,316000,0.0
2018-04-09,14.968658447265625,317100,0.0
2018-04-10,15.299198150634766,408500,0.0
2018-04-11,15.110318183898926,323100,0.0
2018-04-12,15.204756736755371,153100,0.0
2018-04-13,15.015876770019531,189500,0.0
2018-04-16,15.299198150634766,234200,0.0
2018-04-17,15.346416473388672,251400,0.0
2018-04-18,15.346416473388672,200600,0.0
2018-04-19,15.488073348999023,179900,0.0
2018-04-20,15.44085693359375,308300,0.0
2018-04-23,15.44085693359375,375600,0.0
2018-04-24,15.251977920532227,389600,0.0
2018-04-25,15.251977920532227,355200,0.0
2018-04-26,15.299198150634766,182100,0.0
2018-04-27,15.346416473388672,140700,0.0
2018-04-30,15.346416473388672,401600,0.0
2018-05-01,15.299198150634766,380900,0.0
2018-05-02,14.968658447265625,300700,0.0
2018-05-03,15.299198150634766,679300,0.0
2018-05-04,15.44085693359375,277200,0.0
2018-05-07,15.67695426940918,364800,0.0
2018-05-08,15.67695426940918,315000,0.0
2018-05-09,15.724172592163086,911200,0.0
2018-05-10,15.752504348754883,1045900,0.0
2018-05-11,14.638117790222168,962900,0.0
2018-05-14,15.346416473388672,1630000,0.0
2018-05-15,15.346416473388672,585000,0.0
2018-05-16,15.346416473388672,594600,0.0
2018-05-17,15.299198150634766,981600,0.0
2018-05-18,15.204756736755371,1104800,0.0
2018-05-21,15.299198150634766,677200,0.0
2018-05-22,15.157535552978516,1311500,0.0
2018-05-23,15.110318183898926,506700,0.0
2018-05-24,15.110318183898926,731400,0.0
2018-05-25,15.157535552978516,159500,0.0
2018-05-29,14.685341835021973,573600,0.0
2018-05-30,14.996990203857422,289900,0.0
2018-05-31,14.590899467468262,430400,0.0
2018-06-01,14.732559204101562,307600,0.0
2018-06-04,14.779779434204102,251200,0.0
2018-06-05,15.157535552978516,239500,0.0
2018-06-06,15.204756736755371,291100,0.0
2018-06-07,15.204756736755371,286800,0.0
2018-06-08,15.251977920532227,449100,0.0
2018-06-11,15.299198150634766,265000,0.0
2018-06-12,15.488073348999023,213800,0.0
2018-06-13,15.204756736755371,903100,0.0
2018-06-14,15.251977920532227,803200,0.0
2018-06-15,15.346416473388672,1883800,0.0
2018-06-18,15.393634796142578,400500,0.0
2018-06-19,15.204756736755371,643500,0.0
2018-06-20,15.251977920532227,820100,0.0
2018-06-21,15.110318183898926,716100,0.0
2018-06-22,15.157535552978516,541000,0.0
2018-06-25,14.874218940734863,313000,0.0
2018-06-26,14.826997756958008,370500,0.0
2018-06-27,14.874218940734863,346000,0.0
2018-06-28,14.921438217163086,285700,0.0
2018-06-29,14.968658447265625,379700,0.0
2018-07-02,14.590899467468262,469900,0.0
2018-07-03,14.685341835021973,226100,0.0
2018-07-05,14.638117790222168,477800,0.0
2018-07-06,14.732559204101562,169500,0.0
2018-07-09,14.826997756958008,209400,0.0
2018-07-10,15.157535552978516,260700,0.0
2018-07-11,14.921438217163086,258100,0.0
2018-07-12,14.874218940734863,156100,0.0
2018-07-13,14.921438217163086,113500,0.0
2018-07-16,14.779779434204102,159600,0.0
2018-07-17,14.685341835021973,338000,0.0
2018-07-18,14.779779434204102,523700,0.0
2018-07-19,14.732559204101562,394500,0.0
2018-07-20,14.638117790222168,200200,0.0
2018-07-23,14.638117790222168,365000,0.0
2018-07-24,14.402021408081055,145300,0.0
2018-07-25,14.543681144714355,226500,0.0
2018-07-26,14.402021408081055,202900,0.0
2018-07-27,14.260361671447754,212800,0.0
2018-07-30,14.307580947875977,233200,0.0
2018-07-31,14.449240684509277,173800,0.0
2018-08-01,14.402021408081055,312300,0.0
2018-08-02,14.354801177978516,158400,0.0
2018-08-03,14.449240684509277,123300,0.0
2018-08-06,14.496460914611816,226700,0.0
2018-08-07,14.449240684509277,176100,0.0
2018-08-08,14.449240684509277,262700,0.0
2018-08-09,14.543681144714355,386200,0.0
2018-08-10,12.702110290527344,939800,0.0
2018-08-13,13.174308776855469,1560200,0.0
2018-08-14,13.363187789916992,1609400,0.0
2018-08-15,13.315966606140137,1667800,0.0
2018-08-16,13.504847526550293,817100,0.0
2018-08-17,13.646505355834961,1321000,0.0
2018-08-20,13.268747329711914,910900,0.0
2018-08-21,13.268747329711914,1638100,0.0
2018-08-22,13.410407066345215,469900,0.0
2018-08-23,13.079869270324707,613400,0.0
2018-08-24,13.079869270324707,948900,0.0
2018-08-27,13.032648086547852,884700,0.0
2018-08-28,12.985427856445312,479500,0.0
2018-08-29,13.079869270324707,519400,0.0
2018-08-30,12.93820858001709,615700,0.0
2018-08-31,12.843770027160645,444300,0.0
2018-09-04,12.654890060424805,437700,0.0
2018-09-05,12.654890060424805,659300,0.0
2018-09-06,12.418791770935059,975400,0.0
2018-09-07,12.371573448181152,334300,0.0
2018-09-10,12.324353218078613,636600,0.0
2018-09-11,12.37193775177002,563700,0.1
2018-09-12,12.276768684387207,579000,0.0
2018-09-13,12.41952133178711,408400,0.0
2018-09-14,12.2291841506958,586500,0.0
2018-09-17,12.134015083312988,283200,0.0
2018-09-18,12.276768684387207,504900,0.0
2018-09-19,12.324352264404297,552300,0.0
2018-09-20,12.467107772827148,437800,0.0
2018-09-21,12.562273979187012,1770300,0.0
2018-09-24,12.609859466552734,493300,0.0
2018-09-25,12.705026626586914,504500,0.0
2018-09-26,12.75261116027832,530600,0.0
2018-09-27,12.705026626586914,774100,0.0
2018-09-28,12.942950248718262,523500,0.0
2018-10-01,12.876331329345703,908900,0.0
2018-10-02,12.743096351623535,1099900,0.0
2018-10-03,13.066669464111328,1399100,0.0
2018-10-04,13.000052452087402,1181100,0.0
2018-10-05,12.981017112731934,931900,0.0
2018-10-08,12.971500396728516,424000,0.0
2018-10-09,13.066669464111328,793300,0.0
2018-10-10,12.52420711517334,776700,0.0
2018-10-11,12.390970230102539,750300,0.0
2018-10-12,12.562273979187012,670800,0.0
2018-10-15,12.647926330566406,453600,0.0
2018-10-16,12.800195693969727,424400,0.0
2018-10-17,12.857298851013184,674000,0.0
2018-10-18,12.771646499633789,609200,0.0
2018-10-19,12.7335786819458,1629100,0.0
2018-10-22,12.75261116027832,718900,0.0
2018-10-23,12.590826034545898,1278700,0.0
2018-10-24,12.390970230102539,727300,0.0
2018-10-25,12.400486946105957,893900,0.0
2018-10-26,12.219667434692383,1011800,0.0
2018-10-29,12.076913833618164,514000,0.0
2018-10-30,12.400486946105957,559100,0.0
2018-10-31,12.695510864257812,590200,0.0
2018-11-01,12.666960716247559,853300,0.0
2018-11-02,12.714544296264648,473400,0.0
2018-11-05,12.714544296264648,978000,0.0
2018-11-06,12.819230079650879,395200,0.0
2018-11-07,12.942950248718262,535500,0.0
2018-11-08,13.618646621704102,766700,0.0
2018-11-09,13.704298973083496,887600,0.0
2018-11-12,13.218938827514648,609000,0.0
2018-11-13,13.237971305847168,571600,0.0
2018-11-14,13.380724906921387,401700,0.0
2018-11-15,13.180872917175293,623000,0.0
2018-11-16,13.20942211151123,384200,0.0
2018-11-19,12.990533828735352,549100,0.0
2018-11-20,12.324352264404297,508700,0.0
2018-11-21,12.362421035766602,552200,0.0
2018-11-23,12.333869934082031,186800,0.0
2018-11-26,12.771646499633789,512000,0.0
2018-11-27,12.628891944885254,477200,0.0
2018-11-28,12.866815567016602,596600,0.0
2018-11-29,12.942950248718262,285900,0.0
2018-11-30,12.75261116027832,482000,0.0
2018-12-03,13.028599739074707,348300,0.0
2018-12-04,12.628891944885254,441500,0.0
2018-12-06,12.238699913024902,798200,0.0
2018-12-07,12.095946311950684,343300,0.0
2018-12-10,12.172083854675293,679700,0.0
2018-12-11,12.048364639282227,716900,0.0
2018-12-12,12.343387603759766,380300,0.0
2018-12-13,12.191118240356445,394400,0.0
2018-12-14,11.858025550842285,459500,0.0
2018-12-17,11.677206039428711,732800,0.0
2018-12-18,11.572519302368164,427700,0.0
2018-12-19,11.429765701293945,694000,0.0
2018-12-20,11.011022567749023,672500,0.0
2018-12-21,10.706483840942383,1735100,0.0
2018-12-24,10.525663375854492,431400,0.0
2018-12-26,10.811169624328613,782500,0.0
2018-12-27,10.830204010009766,880600,0.0
2018-12-28,10.90633773803711,446400,0.0
2018-12-31,10.99199104309082,444900,0.0
2019-01-02,11.049090385437012,341400,0.0
2019-01-03,10.90633773803711,679500,0.0
2019-01-04,11.382183074951172,316700,0.0
2019-01-07,11.61058521270752,975800,0.0
2019-01-08,11.7247896194458,847800,0.0
2019-01-09,11.772375106811523,825200,0.0
2019-01-10,11.772375106811523,428000,0.0
2019-01-11,11.877059936523438,373900,0.0
2019-01-14,11.84850788116455,492600,0.0
2019-01-15,11.905609130859375,950300,0.0
2019-01-16,11.934161186218262,545700,0.0
2019-01-17,11.99126148223877,799900,0.0
2019-01-18,12.067398071289062,628200,0.0
2019-01-22,11.896092414855957,524600,0.0
2019-01-23,11.762857437133789,362900,0.0
2019-01-24,11.953195571899414,536200,0.0
2019-01-25,12.181599617004395,1916900,0.0
2019-01-28,12.162565231323242,784400,0.0
2019-01-29,12.238699913024902,1047400,0.0
2019-01-30,12.210149765014648,928600,0.0
2019-01-31,12.305317878723145,1328000,0.0
2019-02-01,12.238699913024902,640400,0.0
2019-02-04,12.362421035766602,1026600,0.0
2019-02-05,12.486140251159668,425700,0.0
2019-02-06,12.438554763793945,525600,0.0
2019-02-07,12.20063304901123,761100,0.0
2019-02-08,12.057879447937012,752000,0.0
2019-02-11,11.810441017150879,682300,0.0
2019-02-12,12.019813537597656,478800,0.0
2019-02-13,12.048364639282227,487400,0.0
2019-02-14,12.076913833618164,377400,0.0
2019-02-15,12.305317878723145,563900,0.0
2019-02-19,12.390970230102539,574300,0.0
2019-02-20,12.514690399169922,456600,0.0
2019-02-21,12.41952133178711,481200,0.0
2019-02-22,12.57179069519043,352100,0.0
2019-02-25,12.628891944885254,446200,0.0
2019-02-26,12.676477432250977,396500,0.0
2019-02-27,12.676477432250977,313800,0.0
2019-02-28,12.666960716247559,535000,0.0
2019-03-01,12.904881477355957,421500,0.0
2019-03-04,12.904881477355957,355600,0.0
2019-03-05,12.771646499633789,943100,0.0
2019-03-06,12.714544296264648,610700,0.0
2019-03-07,12.514690399169922,261900,0.0
2019-03-08,12.41952133178711,268200,0.0
2019-03-11,12.647926330566406,325200,0.0
2019-03-12,12.523268699645996,662700,0.1
2019-03-13,12.42737865447998,435400,0.0
2019-03-14,12.254775047302246,1030800,0.0
2019-03-15,12.21642017364502,2386600,0.0
2019-03-18,12.206830024719238,1331800,0.0
2019-03-19,12.101350784301758,1406500,0.0
2019-03-20,12.091761589050293,1781200,0.0
2019-03-21,12.3218994140625,2139900,0.0
2019-03-22,12.120529174804688,1574300,0.0
2019-03-25,12.07258415222168,1402700,0.0
2019-03-26,11.986283302307129,662500,0.0
2019-03-27,11.880804061889648,467000,0.0
2019-03-28,11.938336372375488,299100,0.0
2019-03-29,11.97669506072998,367500,0.0
2019-04-01,12.091761589050293,505800,0.0
2019-04-02,11.9671049118042,909400,0.0
2019-04-03,12.034229278564453,607900,0.0
2019-04-04,12.062995910644531,1011800,0.0
2019-04-05,12.120529174804688,339900,0.0
2019-04-08,12.110940933227539,347600,0.0
2019-04-09,12.110940933227539,291900,0.0
2019-04-10,12.23559856414795,238800,0.0
2019-04-11,12.120529174804688,333600,0.0
2019-04-12,12.226009368896484,387400,0.0
2019-04-15,12.130118370056152,820000,0.0
2019-04-16,12.226009368896484,648700,0.0
2019-04-17,12.187652587890625,528000,0.0
2019-04-18,12.110940933227539,370200,0.0
2019-04-22,12.005462646484375,296700,0.0
2019-04-23,12.082174301147461,428600,0.0
2019-04-24,12.101350784301758,399500,0.0
2019-04-25,11.94792652130127,312900,0.0
2019-04-26,12.05340576171875,482900,0.0
2019-04-29,12.005462646484375,944200,0.0
2019-04-30,11.97669506072998,624600,0.0
2019-05-01,11.92874813079834,1138200,0.0
2019-05-02,11.861625671386719,582600,0.0
2019-05-03,11.919158935546875,1213000,0.0
2019-05-06,11.669844627380371,424900,0.0
2019-05-07,11.257515907287598,883500,0.0
2019-05-08,11.132858276367188,679300,0.0
2019-05-09,11.180804252624512,926700,0.0
2019-05-10,11.535598754882812,818200,0.0
2019-05-13,11.104092597961426,1404500,0.0
2019-05-14,11.17121696472168,1159000,0.0
2019-05-15,11.24792766571045,532000,0.0
2019-05-16,11.199983596801758,232800,0.0
2019-05-17,11.084915161132812,553400,0.0
2019-05-20,11.324642181396484,1651400,0.0
2019-05-21,11.516420364379883,545600,0.0
2019-05-22,11.497243881225586,905100,0.0
2019-05-23,11.50683307647705,687200,0.0
2019-05-24,11.564367294311523,675000,0.0
2019-05-28,11.497243881225586,580400,0.0
2019-05-29,11.382174491882324,739100,0.0
2019-05-30,11.286284446716309,801300,0.0
2019-05-31,11.17121696472168,703800,0.0
2019-06-03,11.238340377807617,870100,0.0
2019-06-04,11.401352882385254,712100,0.0
2019-06-05,11.478065490722656,1344800,0.0
2019-06-06,11.43971061706543,822200,0.0
2019-06-07,11.573954582214355,704000,0.0
2019-06-10,11.62190055847168,621300,0.0
2019-06-11,11.631489753723145,649400,0.0
2019-06-12,11.573954582214355,598000,0.0
2019-06-13,11.660255432128906,533200,0.0
2019-06-14,11.70820140838623,1291800,0.0
2019-06-17,12.091761589050293,974900,0.0
2019-06-18,12.657514572143555,1147200,0.0
2019-06-19,13.156145095825195,1296000,0.0
2019-06-20,13.376692771911621,1156600,0.0
2019-06-21,13.347925186157227,1850200,0.0
2019-06-24,13.165733337402344,779500,0.0
2019-06-25,13.098610877990723,527500,0.0
2019-06-26,13.136966705322266,612300,0.0
2019-06-27,13.290390968322754,598000,0.0
2019-06-28,13.386280059814453,1691600,0.0
2019-07-01,13.415047645568848,904700,0.0
2019-07-02,13.338335990905762,391300,0.0
2019-07-03,13.32874584197998,269800,0.0
2019-07-05,13.338335990905762,526600,0.0
2019-07-08,13.146554946899414,319200,0.0
2019-07-09,13.136966705322266,386900,0.0
2019-07-10,13.127376556396484,643300,0.0
2019-07-11,13.07943344116211,409800,0.0
2019-07-12,13.165733337402344,670600,0.0
2019-07-15,13.184911727905273,466400,0.0
2019-07-16,13.309569358825684,740300,0.0
2019-07-17,12.973953247070312,761300,0.0
2019-07-18,13.098610877990723,746400,0.0
2019-07-19,12.954774856567383,392400,0.0
2019-07-22,13.031487464904785,467300,0.0
2019-07-23,13.098610877990723,914000,0.0
2019-07-24,13.261625289916992,835500,0.0
2019-07-25,13.098610877990723,370700,0.0
2019-07-26,13.136966705322266,415800,0.0
2019-07-29,13.089021682739258,390200,0.0
2019-07-30,13.11778736114502,355100,0.0
2019-07-31,12.906829833984375,695600,0.0
2019-08-01,12.79176139831543,685400,0.0
2019-08-02,12.753405570983887,713100,0.0
2019-08-05,12.552035331726074,1094800,0.0
2019-08-06,12.657514572143555,515700,0.0
2019-08-07,12.580803871154785,699300,0.0
2019-08-08,12.810938835144043,1025500,0.0
2019-08-09,13.491759300231934,809500,0.0
2019-08-12,13.808197975158691,1125200,0.0
2019-08-13,13.86573314666748,892500,0.0
2019-08-14,13.184911727905273,795000,0.0
2019-08-15,13.415047645568848,769000,0.0
2019-08-16,13.558884620666504,464800,0.0
2019-08-19,13.769843101501465,315200,0.0
2019-08-20,13.702718734741211,420600,0.0
2019-08-21,13.86573314666748,273200,0.0
2019-08-22,13.875321388244629,409600,0.0
2019-08-23,13.376692771911621,716700,0.0
2019-08-26,13.462991714477539,410700,0.0
2019-08-27,13.347925186157227,512900,0.0
2019-08-28,13.549295425415039,435400,0.0
2019-08-29,13.606827735900879,246400,0.0
2019-08-30,13.578062057495117,318600,0.0
2019-09-03,13.357514381408691,373600,0.0
2019-09-04,13.616416931152344,396200,0.0
2019-09-05,13.750664710998535,370300,0.0
2019-09-06,13.913678169250488,369000,0.0
2019-09-09,14.143814086914062,421600,0.0
2019-09-10,14.327249526977539,394100,0.1
2019-09-11,14.35621166229248,363100,0.0
2019-09-12,14.307940483093262,636600,0.0
2019-09-13,14.385176658630371,342900,0.0
2019-09-16,13.979687690734863,470900,0.0
2019-09-17,14.114850044250488,426600,0.0
2019-09-18,14.095541954040527,525900,0.0
2019-09-19,13.854180335998535,449900,0.0
2019-09-20,13.825215339660645,1168800,0.0
2019-09-23,13.89279842376709,434400,0.0
2019-09-24,13.767290115356445,515100,0.0
2019-09-25,13.873489379882812,355800,0.0
2019-09-26,13.738327026367188,591600,0.0
2019-09-27,13.680399894714355,225300,0.0
2019-09-30,13.805908203125,572600,0.0
2019-10-01,13.757635116577148,627400,0.0
2019-10-02,13.574199676513672,977900,0.0
2019-10-03,13.487309455871582,540200,0.0
2019-10-04,13.632126808166504,368700,0.0
2019-10-07,13.458346366882324,606100,0.0
2019-10-08,12.743913650512695,741900,0.0
2019-10-09,12.898386001586914,743000,0.0
2019-10-10,13.004585266113281,594600,0.0
2019-10-11,13.284564971923828,430700,0.0
2019-10-14,13.323183059692383,326900,0.0
2019-10-15,13.168712615966797,674800,0.0
2019-10-16,13.390765190124512,572600,0.0
2019-10-17,13.42938232421875,681100,0.0
2019-10-18,13.313529014587402,1001800,0.0
2019-10-21,13.516273498535156,480400,0.0
2019-10-22,13.69970703125,1057900,0.0
2019-10-23,13.757635116577148,560200,0.0
2019-10-24,13.738327026367188,700300,0.0
2019-10-25,13.719016075134277,404300,0.0
2019-10-28,13.805908203125,392500,0.0
2019-10-29,13.834870338439941,380000,0.0
2019-10-30,13.535581588745117,380200,0.0
2019-10-31,13.632126808166504,502000,0.0
2019-11-01,13.69005298614502,493200,0.0
2019-11-04,13.738327026367188,424500,0.0
2019-11-05,13.69970703125,379900,0.0
2019-11-06,13.496963500976562,460400,0.0
2019-11-07,13.313529014587402,711800,0.0
2019-11-08,12.772878646850586,1103200,0.0
2019-11-11,12.898386001586914,1029600,0.0
2019-11-12,12.850114822387695,818300,0.0
2019-11-13,12.850114822387695,782700,0.0
2019-11-14,12.743913650512695,885900,0.0
2019-11-15,12.859768867492676,780400,0.0
2019-11-18,12.801841735839844,563800,0.0
2019-11-19,12.811495780944824,414400,0.0
2019-11-20,12.68598747253418,627300,0.0
2019-11-21,12.454279899597168,596900,0.0
2019-11-22,12.531516075134277,762500,0.0
2019-11-25,12.714950561523438,667000,0.0
2019-11-26,12.859768867492676,453200,0.0
2019-11-27,12.917695999145508,548200,0.0
2019-11-29,12.714950561523438,528900,0.0
2019-12-02,12.714950561523438,779000,0.0
2019-12-03,12.463934898376465,491400,0.0
2019-12-04,12.618406295776367,581300,0.0
2019-12-05,12.821150779724121,580200,0.0
2019-12-06,13.014239311218262,578600,0.0
2019-12-09,13.023893356323242,661700,0.0
2019-12-10,12.985276222229004,646500,0.0
2019-12-11,13.07216739654541,539200,0.0
2019-12-12,13.545234680175781,605800,0.0
2019-12-13,13.42938232421875,772700,0.0
2019-12-16,13.603164672851562,683200,0.0
2019-12-17,13.670744895935059,583600,0.0
2019-12-18,13.883143424987793,672300,0.0
2019-12-19,13.815561294555664,629700,0.0
2019-12-20,13.815561294555664,1771100,0.0
2019-12-23,13.815561294555664,404200,0.0
2019-12-24,13.796253204345703,112200,0.0
2019-12-26,14.027959823608398,749300,0.0
2019-12-27,13.970033645629883,408700,0.0
2019-12-30,13.960379600524902,344800,0.0
2019-12-31,14.008652687072754,327700,0.0
2020-01-02,14.298286437988281,775400,0.0
2020-01-03,14.307940483093262,1037300,0.0
2020-01-06,14.259668350219727,475100,0.0
2020-01-07,14.414142608642578,467700,0.0
2020-01-08,14.452757835388184,528100,0.0
2020-01-09,14.298286437988281,661900,0.0
2020-01-10,14.211396217346191,437000,0.0
2020-01-13,14.385176658630371,367300,0.0
2020-01-14,14.529994010925293,933800,0.0
2020-01-15,14.616883277893066,488100,0.0
2020-01-16,14.72308349609375,551200,0.0
2020-01-17,14.703774452209473,725600,0.0
2020-01-21,14.327249526977539,612200,0.0
2020-01-22,14.278977394104004,544900,0.0
2020-01-23,14.201742172241211,434800,0.0
2020-01-24,13.854180335998535,899600,0.0
2020-01-27,13.612817764282227,639000,0.0
2020-01-28,13.439037322998047,826300,0.0
2020-01-29,13.313529014587402,583200,0.0
2020-01-30,13.525928497314453,757100,0.0
2020-01-31,13.487309455871582,616100,0.0
2020-02-03,13.535581588745117,732700,0.0
2020-02-04,13.661089897155762,531400,0.0
2020-02-05,13.90245246887207,790700,0.0
2020-02-06,14.230704307556152,1311400,0.0
2020-02-07,13.941069602966309,756400,0.0
2020-02-10,13.593510627746582,947500,0.0
2020-02-11,13.979687690734863,453600,0.0
2020-02-12,14.288631439208984,572200,0.0
2020-02-13,14.298286437988281,488000,0.0
2020-02-14,14.462411880493164,440400,0.0
2020-02-18,14.404485702514648,333600,0.0
2020-02-19,14.529994010925293,512900,0.0
2020-02-20,14.462411880493164,826300,0.0
2020-02-21,14.278977394104004,501500,0.0
2020-02-24,13.545234680175781,819500,0.0
2020-02-25,12.782532691955566,983500,0.0
2020-02-26,12.290153503417969,723200,0.0
2020-02-27,11.855703353881836,1348800,0.0
2020-02-28,12.010172843933105,2573700,0.0
2020-03-02,12.222573280334473,1875900,0.0
2020-03-03,11.672266960144043,1821900,0.0
2020-03-04,11.681921005249023,1166600,0.0
2020-03-05,10.938525199890137,844600,0.0
2020-03-06,10.87094497680664,1633200,0.0
2020-03-09,10.127549171447754,1615500,0.0
2020-03-10,10.78062629699707,1452600,0.1
2020-03-11,10.088560104370117,2166400,0.0
2020-03-12,9.182052612304688,3021400,0.0
2020-03-13,10.34199333190918,2137300,0.0
2020-03-16,10.0203275680542,1339700,0.0
2020-03-17,10.449213981628418,2497600,0.0
2020-03-18,8.928619384765625,2004400,0.0
2020-03-19,9.084577560424805,1015400,0.0
2020-03-20,8.489986419677734,2137900,0.0
2020-03-23,7.934384822845459,2210200,0.0
2020-03-24,8.431502342224121,1598500,0.0
2020-03-25,8.392511367797852,1540700,0.0
2020-03-26,8.928619384765625,1214300,0.0
2020-03-27,8.207311630249023,1206200,0.0
2020-03-30,8.636197090148926,1490800,0.0
2020-03-31,8.762913703918457,1125600,0.0
2020-04-01,8.373018264770508,1020700,0.0
2020-04-02,7.963626861572266,1328500,0.0
2020-04-03,8.031859397888184,1001100,0.0
2020-04-06,8.753167152404785,730300,0.0
2020-04-07,8.772662162780762,1012900,0.0
2020-04-08,8.909126281738281,570600,0.0
2020-04-09,9.445231437683105,796600,0.0
2020-04-13,9.338010787963867,337700,0.0
2020-04-14,9.425737380981445,597900,0.0
2020-04-15,8.889630317687988,482400,0.0
2020-04-16,8.480238914489746,536200,0.0
2020-04-17,8.938366889953613,864400,0.0
2020-04-20,8.792156219482422,481600,0.0
2020-04-21,8.40225887298584,388300,0.0
2020-04-22,8.431502342224121,268600,0.0
2020-04-23,8.597208023071289,426300,0.0
2020-04-24,8.762913703918457,663000,0.0
2020-04-27,9.357505798339844,432200,0.0
2020-04-28,9.659674644470215,559800,0.0
2020-04-29,10.536941528320312,1133900,0.0
2020-04-30,9.961844444274902,553800,0.0
2020-05-01,9.45497989654541,375400,0.0
2020-05-04,9.659674644470215,519500,0.0
2020-05-05,9.562201499938965,742900,0.0
2020-05-06,9.737653732299805,597700,0.0
2020-05-07,9.679169654846191,591800,0.0
2020-05-08,10.965826988220215,642800,0.0
2020-05-11,10.702646255493164,472100,0.0
2020-05-12,10.527194023132324,904700,0.0
2020-05-13,10.653911590576172,760600,0.0
2020-05-14,10.72214126586914,649500,0.0
2020-05-15,10.731888771057129,804500,0.0
2020-05-18,10.99506950378418,962100,0.0
2020-05-19,10.99506950378418,392300,0.0
2020-05-20,11.35572338104248,396900,0.0
2020-05-21,11.258249282836914,391000,0.0
2020-05-22,11.336227416992188,249800,0.0
2020-05-26,11.696882247924805,299600,0.0
2020-05-27,11.989303588867188,415400,0.0
2020-05-28,11.716376304626465,575700,0.0
2020-05-29,11.95031452178955,894200,0.0
2020-06-01,11.930819511413574,490100,0.0
2020-06-02,12.008798599243164,374600,0.0
2020-06-03,12.642380714416504,525800,0.0
2020-06-04,12.515664100646973,591100,0.0
2020-06-05,12.710612297058105,729600,0.0
2020-06-08,13.081012725830078,784900,0.0
2020-06-09,12.59364128112793,360900,0.0
2020-06-10,12.12576675415039,558400,0.0
2020-06-11,11.151026725769043,675400,0.0
2020-06-12,11.45319652557373,557400,0.0
2020-06-15,11.540924072265625,548100,0.0
2020-06-16,11.813850402832031,793100,0.0
2020-06-17,12.067283630371094,478700,0.0
2020-06-18,11.677387237548828,673200,0.0
2020-06-19,11.579912185668945,1747900,0.0
2020-06-22,11.687134742736816,277100,0.0
2020-06-23,11.76511287689209,301200,0.0
2020-06-24,11.394712448120117,423400,0.0
2020-06-25,11.472691535949707,570800,0.0
2020-06-26,11.24850082397461,857500,0.0
2020-06-29,11.433700561523438,221300,0.0
2020-06-30,11.648144721984863,384300,0.0
2020-07-01,11.813850402832031,575400,0.0
2020-07-02,11.794355392456055,343200,0.0
2020-07-06,11.901577949523926,202100,0.0
2020-07-07,11.726123809814453,282300,0.0
2020-07-08,11.579912185668945,306500,0.0
2020-07-09,11.433700561523438,296300,0.0
2020-07-10,11.677387237548828,306800,0.0
2020-07-13,11.657893180847168,402700,0.0
2020-07-14,12.067283630371094,570200,0.0
2020-07-15,12.398694038391113,487700,0.0
2020-07-16,12.466927528381348,234800,0.0
2020-07-17,12.47667407989502,238200,0.0
2020-07-20,12.408441543579102,341700,0.0
2020-07-21,12.437685012817383,281700,0.0
2020-07-22,12.525411605834961,216400,0.0
2020-07-23,12.408441543579102,315900,0.0
2020-07-24,12.388946533203125,249900,0.0
2020-07-27,12.583895683288574,249100,0.0
2020-07-28,12.408441543579102,551600,0.0
2020-07-29,12.535157203674316,635000,0.0
2020-07-30,12.59364128112793,219600,0.0
2020-07-31,12.437685012817383,457300,0.0
2020-08-03,12.652127265930176,436000,0.0
2020-08-04,13.042023658752441,232700,0.0
2020-08-05,12.97379207611084,284600,0.0
2020-08-06,13.158990859985352,487900,0.0
2020-08-07,13.958277702331543,497100,0.0
2020-08-10,14.572365760803223,698200,0.0
2020-08-11,14.562617301940918,398500,0.0
2020-08-12,14.87453556060791,381200,0.0
2020-08-13,15.040241241455078,338600,0.0
2020-08-14,15.040241241455078,284800,0.0
2020-08-17,14.806302070617676,218800,0.0
2020-08-18,14.903776168823242,245700,0.0
2020-08-19,14.864787101745605,294600,0.0
2020-08-20,14.806302070617676,521900,0.0
2020-08-21,14.260448455810547,744100,0.0
2020-08-24,14.474891662597656,745600,0.0
2020-08-25,14.582113265991211,529600,0.0
2020-08-26,14.601607322692871,392800,0.0
2020-08-27,14.640597343444824,345800,0.0
2020-08-28,14.855040550231934,359300,0.0
2020-08-31,14.68933391571045,473800,0.0
2020-09-01,14.718576431274414,437300,0.0
2020-09-02,14.81605052947998,455700,0.0
2020-09-03,14.777060508728027,555900,0.0
2020-09-04,14.552872657775879,478800,0.0
2020-09-08,14.24095344543457,549800,0.0
2020-09-09,14.767313003540039,797700,0.0
2020-09-10,14.484638214111328,464700,0.0
2020-09-11,14.669839859008789,372200,0.0
2020-09-14,14.81605052947998,563100,0.0
2020-09-15,14.943605422973633,326800,0.1
2020-09-16,14.6983060836792,865800,0.0
2020-09-17,14.874920845031738,941400,0.0
2020-09-18,15.18890380859375,1984200,0.0
2020-09-21,14.197896957397461,961700,0.0
2020-09-22,14.394136428833008,761100,0.0
2020-09-23,13.893726348876953,627000,0.0
2020-09-24,13.70729923248291,499100,0.0
2020-09-25,13.726922035217285,366200,0.0
2020-09-28,14.011469841003418,467200,0.0
2020-09-29,13.511059761047363,294500,0.0
2020-09-30,13.717110633850098,680500,0.0
2020-10-01,13.88391399383545,421200,0.0
2020-10-02,13.90353775024414,351000,0.0
2020-10-05,14.050716400146484,475700,0.0
2020-10-06,13.952598571777344,586900,0.0
2020-10-07,13.893726348876953,352900,0.0
2020-10-08,14.070341110229492,497800,0.0
2020-10-09,13.893726348876953,398000,0.0
2020-10-12,13.88391399383545,379900,0.0
2020-10-13,13.962410926818848,503000,0.0
2020-10-14,13.854477882385254,488900,0.0
2020-10-15,13.628803253173828,342000,0.0
2020-10-16,13.677863121032715,285900,0.0
2020-10-19,13.422752380371094,306800,0.0
2020-10-20,13.540495872497559,305400,0.0
2020-10-21,13.59936809539795,226000,0.0
2020-10-22,13.609179496765137,253000,0.0
2020-10-23,13.64842700958252,259300,0.0
2020-10-26,13.334444999694824,280800,0.0
2020-10-27,13.098958015441895,279900,0.0
2020-10-28,12.637796401977539,463200,0.0
2020-10-29,12.716292381286621,374300,0.0
2020-10-30,12.775163650512695,349600,0.0
2020-11-02,12.941967010498047,514300,0.0
2020-11-03,13.128395080566406,483700,0.0
2020-11-04,13.118581771850586,454000,0.0
2020-11-05,13.638614654541016,417100,0.0
2020-11-06,14.855298042297363,819600,0.0
2020-11-09,15.532322883605957,1319000,0.0
2020-11-10,16.17009925842285,1066800,0.0
2020-11-11,16.91580581665039,688700,0.0
2020-11-12,16.278032302856445,510900,0.0
2020-11-13,16.856937408447266,422500,0.0
2020-11-16,17.269039154052734,403600,0.0
2020-11-17,17.475088119506836,603700,0.0
2020-11-18,17.298473358154297,327500,0.0
2020-11-19,17.298473358154297,393900,0.0
2020-11-20,17.22978973388672,420900,0.0
2020-11-23,17.602645874023438,276000,0.0
2020-11-24,17.838130950927734,418200,0.0
2020-11-25,17.67133140563965,395800,0.0
2020-11-27,17.475088119506836,228600,0.0
2020-11-30,17.475088119506836,931500,0.0
2020-12-01,17.906814575195312,605200,0.0
2020-12-02,18.093244552612305,381700,0.0
2020-12-03,18.220796585083008,482500,0.0
2020-12-04,18.31891632080078,298900,0.0
2020-12-07,18.122676849365234,438600,0.0
2020-12-08,18.093244552612305,435800,0.0
2020-12-09,17.93625259399414,322100,0.0
2020-12-10,17.906814575195312,695800,0.0
2020-12-11,17.524150848388672,273400,0.0
2020-12-14,17.298473358154297,637500,0.0
2020-12-15,17.681142807006836,776600,0.0
2020-12-16,17.308286666870117,453700,0.0
2020-12-17,17.259227752685547,1806100,0.0
2020-12-18,16.964868545532227,2957500,0.0
2020-12-21,17.18073081970215,1046100,0.0
2020-12-22,17.190542221069336,1439500,0.0
2020-12-23,17.170917510986328,2605600,0.0
2020-12-24,17.3475341796875,1352100,0.0
2020-12-28,17.74982452392578,425700,0.0
2020-12-29,17.51433753967285,506900,0.0
2020-12-30,17.573205947875977,411200,0.0
2020-12-31,17.435842514038086,558800,0.0
2021-01-04,17.622268676757812,1033600,0.0
2021-01-05,17.720386505126953,615900,0.0
2021-01-06,18.456283569335938,1161000,0.0
2021-01-07,17.93625259399414,723000,0.0
2021-01-08,17.81850814819336,803300,0.0
2021-01-11,17.92643928527832,650500,0.0
2021-01-12,17.730199813842773,585400,0.0
2021-01-13,17.622268676757812,624800,0.0
2021-01-14,17.98531150817871,659500,0.0
2021-01-15,17.97549819946289,821200,0.0
2021-01-19,17.98531150817871,1248700,0.0
2021-01-20,18.2796688079834,954900,0.0
2021-01-21,18.38759994506836,585800,0.0
2021-01-22,17.897003173828125,1374400,0.0
2021-01-25,18.004934310913086,1705400,0.0
2021-01-26,18.397411346435547,711800,0.0
2021-01-27,18.662336349487305,1781100,0.0
2021-01-28,18.544591903686523,757300,0.0
2021-01-29,18.524967193603516,1205400,0.0
2021-02-01,18.436660766601562,721600,0.0
2021-02-02,18.868385314941406,557200,0.0
2021-02-03,18.897823333740234,397900,0.0
2021-02-04,19.251052856445312,768100,0.0
2021-02-05,20.428485870361328,853300,0.0
2021-02-08,20.99757957458496,715200,0.0
2021-02-09,21.556859970092773,692500,0.0
2021-02-10,22.184829711914062,2209100,0.0
2021-02-11,22.538057327270508,601600,0.0
2021-02-12,23.058090209960938,551500,0.0
2021-02-16,22.763731002807617,917000,0.0
2021-02-17,22.46937370300293,901300,0.0
2021-02-18,22.165205001831055,696200,0.0
2021-02-19,21.988588333129883,367700,0.0
2021-02-22,22.675424575805664,362000,0.0
2021-02-23,22.64598846435547,497600,0.0
2021-02-24,22.802980422973633,465800,0.0
2021-02-25,22.22407341003418,383000,0.0
2021-02-26,22.488996505737305,596200,0.0
2021-03-01,23.283767700195312,349200,0.0
2021-03-02,22.665613174438477,335600,0.0
2021-03-03,22.616552352905273,548700,0.0
2021-03-04,22.34181785583496,345900,0.0
2021-03-05,23.058090209960938,515500,0.0
2021-03-08,22.793167114257812,756400,0.0
2021-03-09,23.352447509765625,632600,0.0
2021-03-10,23.911731719970703,797300,0.0
2021-03-11,24.04909896850586,455700,0.0
2021-03-12,24.461200714111328,340800,0.0
2021-03-15,24.25514793395996,530500,0.0
2021-03-16,24.846256256103516,513500,0.1
2021-03-17,24.550703048706055,997100,0.0
2021-03-18,24.826555252075195,1714200,0.0
2021-03-19,24.75758934020996,1856000,0.0
2021-03-22,24.36351776123047,602100,0.0
2021-03-23,23.811817169189453,735500,0.0
2021-03-24,23.338932037353516,585100,0.0
2021-03-25,24.05811309814453,431500,0.0
2021-03-26,23.654191970825195,962800,0.0
2021-03-29,23.04337501525879,444300,0.0
2021-03-30,23.476856231689453,1002700,0.0
2021-03-31,23.112337112426758,1408800,0.0
2021-04-01,23.644338607788086,1084000,0.0
2021-04-05,24.156631469726562,594800,0.0
2021-04-06,24.17633628845215,624200,0.0
2021-04-07,23.99900245666504,370500,0.0
2021-04-08,24.333965301513672,824000,0.0
2021-04-09,24.26500129699707,295500,0.0
2021-04-12,24.412778854370117,537600,0.0
2021-04-13,23.90048599243164,508900,0.0
2021-04-14,24.215740203857422,768400,0.0
2021-04-15,24.43248176574707,417200,0.0
2021-04-16,24.53099822998047,709500,0.0
2021-04-19,24.511295318603516,444900,0.0
2021-04-20,24.343814849853516,303900,0.0
2021-04-21,25.03343963623047,671200,0.0
2021-04-22,24.718183517456055,559700,0.0
2021-04-23,24.521148681640625,261500,0.0
2021-04-26,24.452186584472656,305100,0.0
2021-04-27,24.235445022583008,316400,0.0
2021-04-28,23.949743270874023,415800,0.0
2021-04-29,24.097518920898438,809100,0.0
2021-04-30,23.949743270874023,602500,0.0
2021-05-03,24.00885581970215,404400,0.0
2021-05-04,23.22071075439453,368000,0.0
2021-05-05,23.703447341918945,516800,0.0
2021-05-06,23.585227966308594,345900,0.0
2021-05-07,24.994035720825195,626300,0.0
2021-05-10,24.885665893554688,367700,0.0
2021-05-11,25.260034561157227,598400,0.0
2021-05-12,23.880781173706055,598300,0.0
2021-05-13,23.99900245666504,385400,0.0
2021-05-14,24.550703048706055,349300,0.0
2021-05-17,24.73788833618164,390000,0.0
2021-05-18,24.540851593017578,438400,0.0
2021-05-19,24.255149841308594,739700,0.0
2021-05-20,25.30929183959961,545100,0.0
2021-05-21,24.87581443786621,612900,0.0
2021-05-24,25.210773468017578,362400,0.0
2021-05-25,25.092552185058594,520000,0.0
2021-05-26,25.31914520263672,625400,0.0
2021-05-27,25.565441131591797,927000,0.0
2021-05-28,25.30929183959961,605900,0.0
2021-06-01,24.70833396911621,692700,0.0
2021-06-02,24.17633628845215,477900,0.0
2021-06-03,24.117223739624023,255100,0.0
2021-06-04,24.412778854370117,234900,0.0
2021-06-07,23.99900245666504,339000,0.0
2021-06-08,24.905366897583008,886100,0.0
2021-06-09,24.885665893554688,481600,0.0
2021-06-10,24.73788833618164,493900,0.0
2021-06-11,25.17136573791504,248800,0.0
2021-06-14,24.70833396911621,327200,0.0
2021-06-15,24.36351776123047,224800,0.0
2021-06-16,24.245298385620117,495800,0.0
2021-06-17,23.841373443603516,462400,0.0
2021-06-18,23.467004776000977,907000,0.0
2021-06-21,23.939889907836914,538100,0.0
2021-06-22,23.7921142578125,435200,0.0
2021-06-23,23.6246337890625,295300,0.0
2021-06-24,23.801965713500977,268100,0.0
2021-06-25,23.83152198791504,693800,0.0
2021-06-28,23.821670532226562,404500,0.0
2021-06-29,23.733003616333008,248100,0.0
2021-06-30,23.989151000976562,564400,0.0
2021-07-01,24.393075942993164,476600,0.0
2021-07-02,24.097518920898438,620800,0.0
2021-07-06,23.733003616333008,428800,0.0
2021-07-07,23.50641441345215,494900,0.0
2021-07-08,23.09263801574707,344600,0.0
2021-07-09,23.801965713500977,263000,0.0
2021-07-12,23.99900245666504,455700,0.0
2021-07-13,23.50641441345215,384400,0.0
2021-07-14,23.348783493041992,231100,0.0
2021-07-15,23.299522399902344,390000,0.0
2021-07-16,22.64930534362793,224300,0.0
2021-07-19,22.314342498779297,420200,0.0
2021-07-20,22.7182674407959,594800,0.0
2021-07-21,23.033525466918945,194500,0.0
2021-07-22,22.846342086791992,290500,0.0
2021-07-23,23.181303024291992,245000,0.0
2021-07-26,23.31922721862793,404400,0.0
2021-07-27,23.161598205566406,338300,0.0
2021-07-28,23.25026512145996,403800,0.0
2021-07-29,23.082786560058594,376800,0.0
2021-07-30,23.161598205566406,408200,0.0
2021-08-02,23.299522399902344,638300,0.0
2021-08-03,22.7182674407959,539000,0.0
2021-08-04,23.063079833984375,937100,0.0
2021-08-05,23.437450408935547,849800,0.0
2021-08-06,23.40789222717285,1149800,0.0
2021-08-09,23.269969940185547,1261000,0.0
2021-08-10,23.082786560058594,411800,0.0
2021-08-11,22.97441291809082,335600,0.0
2021-08-12,22.846342086791992,526100,0.0
2021-08-13,22.44241714477539,642400,0.0
2021-08-16,22.57048988342285,608200,0.0
2021-08-17,21.989233016967773,538100,0.0
2021-08-18,21.26020050048828,409000,0.0
2021-08-19,20.974498748779297,373200,0.0
2021-08-20,21.17153549194336,315500,0.0
2021-08-23,21.496641159057617,552900,0.0
2021-08-24,21.46708869934082,348100,0.0
2021-08-25,21.66412353515625,438200,0.0
2021-08-26,21.62471580505371,1024800,0.0
2021-08-27,21.831605911254883,322400,0.0
2021-08-30,21.654272079467773,358400,0.0
2021-08-31,21.703533172607422,464700,0.0
2021-09-01,22.058195114135742,428100,0.0
2021-09-02,21.920269012451172,493900,0.0
2021-09-03,21.802047729492188,476700,0.0
2021-09-07,21.42768096923828,400700,0.0
2021-09-08,21.358718872070312,562200,0.0
2021-09-09,21.210941314697266,702800,0.0
2021-09-10,21.12227439880371,550900,0.0
2021-09-13,21.112424850463867,538200,0.0
2021-09-14,21.191604614257812,766300,0.1
2021-09-15,21.349973678588867,696400,0.0
2021-09-16,21.77558708190918,521700,0.0
2021-09-17,21.508342742919922,1541700,0.0
2021-09-20,21.112422943115234,427500,0.0
2021-09-21,21.488544464111328,451500,0.0
2021-09-22,22.300182342529297,852100,0.0
2021-09-23,23.47804069519043,1872100,0.0
2021-09-24,23.89375877380371,796000,0.0
2021-09-27,23.765085220336914,718400,0.0
2021-09-28,23.51763343811035,664200,0.0
2021-09-29,23.329572677612305,591500,0.0
2021-09-30,22.9930419921875,642500,0.0
2021-10-01,23.33946990966797,493600,0.0
2021-10-04,23.062326431274414,444500,0.0
2021-10-05,23.349369049072266,362300,0.0
2021-10-06,23.101919174194336,811000,0.0
2021-10-07,23.547330856323242,494800,0.0
2021-10-08,23.685901641845703,541100,0.0
2021-10-11,23.62651252746582,466900,0.0
2021-10-12,23.745288848876953,1197800,0.0
2021-10-13,23.606718063354492,1381800,0.0
2021-10-14,23.91355323791504,449700,0.0
2021-10-15,23.873964309692383,812900,0.0
2021-10-18,23.62651252746582,757600,0.0
2021-10-19,23.725492477416992,525800,0.0
2021-10-20,23.94325065612793,727300,0.0
2021-10-21,23.824472427368164,398800,0.0
2021-10-22,24.111515045166016,448200,0.0
2021-10-25,24.200597763061523,584100,0.0
2021-10-26,23.755186080932617,500300,0.0
2021-10-27,22.23089599609375,1253000,0.0
2021-10-28,22.57732391357422,1036400,0.0
2021-10-29,22.32987403869629,944800,0.0
2021-11-01,23.111818313598633,1185900,0.0
2021-11-02,22.90395736694336,401900,0.0
2021-11-03,22.686203002929688,704800,0.0
2021-11-04,23.15140724182129,943100,0.0
2021-11-05,24.012535095214844,690200,0.0
2021-11-08,23.705698013305664,876800,0.0
2021-11-09,23.458248138427734,1032600,0.0
2021-11-10,23.250389099121094,1012300,0.0
2021-11-11,23.329572677612305,648000,0.0
2021-11-12,23.537431716918945,423100,0.0
2021-11-15,23.171205520629883,910900,0.0
2021-11-16,23.428552627563477,828800,0.0
2021-11-17,23.270185470581055,831200,0.0
2021-11-18,23.121715545654297,526900,0.0
2021-11-19,22.092323303222656,969500,0.0
2021-11-22,22.438753128051758,1092800,0.0
2021-11-23,22.141813278198242,631100,0.0
2021-11-24,22.06262969970703,452700,0.0
2021-11-26,21.38956642150879,659400,0.0
2021-11-29,21.65681266784668,1034000,0.0
2021-11-30,21.330177307128906,1727600,0.0
2021-12-01,20.983749389648438,1335700,0.0
2021-12-02,21.646915435791016,996700,0.0
2021-12-03,21.646915435791016,908400,0.0
2021-12-06,21.795385360717773,745300,0.0
2021-12-07,22.013139724731445,735200,0.0
2021-12-08,22.141813278198242,709300,0.0
2021-12-09,21.726099014282227,711600,0.0
2021-12-10,21.349973678588867,1547100,0.0
2021-12-13,21.2410945892334,704000,0.0
2021-12-14,20.89466667175293,588900,0.0
2021-12-15,21.2410945892334,1203600,0.0
2021-12-16,21.38956642150879,696200,0.0
2021-12-17,21.280689239501953,1788300,0.0
2021-12-20,20.89466667175293,502200,0.0
2021-12-21,21.735994338989258,558400,0.0
2021-12-22,21.85477066040039,392000,0.0
2021-12-23,22.319976806640625,323300,0.0
2021-12-27,22.646610260009766,303300,0.0
2021-12-28,22.696102142333984,232300,0.0
2021-12-29,22.53773307800293,323800,0.0
2021-12-30,22.498140335083008,241600,0.0
2021-12-31,22.270488739013672,306000,0.0
2022-01-03,22.646610260009766,507100,0.0
2022-01-04,22.547632217407227,570500,0.0
2022-01-05,21.8151798248291,594800,0.0
2022-01-06,22.527835845947266,693000,0.0
2022-01-07,22.45854949951172,821500,0.0
2022-01-10,22.201202392578125,308800,0.0
2022-01-11,22.478343963623047,407200,0.0
2022-01-12,22.626815795898438,280300,0.0
2022-01-13,22.953449249267578,278300,0.0
2022-01-14,22.70600128173828,429300,0.0
2022-01-18,22.181406021118164,410600,0.0
2022-01-19,22.072526931762695,298900,0.0
2022-01-20,21.686506271362305,461100,0.0
2022-01-21,21.439056396484375,515200,0.0
2022-01-24,21.973548889160156,536300,0.0
2022-01-25,21.567729949951172,490600,0.0
2022-01-26,21.34007453918457,452900,0.0
2022-01-27,20.825380325317383,1167500,0.0
2022-01-28,21.538036346435547,474400,0.0
2022-01-31,22.013139724731445,535700,0.0
2022-02-01,22.02303695678711,395000,0.0
2022-02-02,22.191303253173828,478700,0.0
2022-02-03,22.310081481933594,442600,0.0
2022-02-04,22.498140335083008,1018800,0.0
2022-02-07,22.567426681518555,695600,0.0
2022-02-08,23.042530059814453,784100,0.0
2022-02-09,23.656208038330078,659000,0.0
2022-02-10,23.359268188476562,672500,0.0
2022-02-11,22.735692977905273,487200,0.0
2022-02-14,22.369468688964844,1075500,0.0
2022-02-15,23.171205520629883,334300,0.0
2022-02-16,23.715593338012695,426400,0.0
2022-02-17,22.82477378845215,449300,0.0
2022-02-18,22.141813278198242,555300,0.0
2022-02-22,21.795385360717773,437900,0.0
2022-02-23,21.38956642150879,392400,0.0
2022-02-24,21.468751907348633,794600,0.0
2022-02-25,22.112119674682617,789000,0.0
2022-02-28,22.201202392578125,770500,0.0
2022-03-01,21.320281982421875,600300,0.0
2022-03-02,22.409059524536133,755800,0.0
2022-03-03,21.676607131958008,431500,0.0
2022-03-04,21.132219314575195,585800,0.0
2022-03-07,20.310686111450195,735100,0.0
2022-03-08,20.35027503967285,721000,0.0
2022-03-09,21.30048370361328,598300,0.0
2022-03-10,21.112422943115234,415400,0.0
2022-03-11,21.191604614257812,568600,0.0
2022-03-14,21.26089096069336,666800,0.0
2022-03-15,21.320558547973633,577300,0.1
2022-03-16,21.97688102722168,419700,0.0
2022-03-17,22.623260498046875,469400,0.0
2022-03-18,22.305042266845703,1597500,0.0
2022-03-21,22.165822982788086,427400,0.0
2022-03-22,22.35476303100586,318100,0.0
2022-03-23,22.12604522705078,446700,0.0
2022-03-24,22.722702026367188,573600,0.0
2022-03-25,22.822145462036133,395500,0.0
2022-03-28,22.732646942138672,240600,0.0
2022-03-29,23.08069610595703,447200,0.0
2022-03-30,22.93153190612793,266100,0.0
2022-03-31,22.394540786743164,551200,0.0
2022-04-01,22.185710906982422,316300,0.0
2022-04-04,22.324932098388672,325900,0.0
2022-04-05,22.225488662719727,328500,0.0
2022-04-06,21.91721534729004,475100,0.0
2022-04-07,21.559221267700195,265300,0.0
2022-04-08,21.559221267700195,394700,0.0
2022-04-11,21.360334396362305,481500,0.0
2022-04-12,21.26089096069336,587000,0.0
2022-04-13,21.95699119567871,694900,0.0
2022-04-14,21.360334396362305,493000,0.0
2022-04-18,21.35038948059082,348600,0.0
2022-04-19,22.006711959838867,378600,0.0
2022-04-20,22.06637954711914,852900,0.0
2022-04-21,21.589052200317383,319600,0.0
2022-04-22,20.99239730834961,399900,0.0
2022-04-25,21.012283325195312,492900,0.0
2022-04-26,20.176965713500977,355300,0.0
2022-04-27,20.326129913330078,608400,0.0
2022-04-28,20.355960845947266,759700,0.0
2022-04-29,19.799081802368164,882400,0.0
2022-05-02,20.19685173034668,736300,0.0
2022-05-03,20.137187957763672,565500,0.0
2022-05-04,20.664236068725586,630500,0.0
2022-05-05,19.480863571166992,766600,0.0
2022-05-06,16.815793991088867,1299300,0.0
2022-05-09,17.492006301879883,1969700,0.0
2022-05-10,17.521839141845703,1267600,0.0
2022-05-11,16.915237426757812,777200,0.0
2022-05-12,17.501951217651367,1378000,0.0
2022-05-13,17.850000381469727,848000,0.0
2022-05-16,17.75055694580078,563100,0.0
2022-05-17,18.52621078491211,810000,0.0
2022-05-18,17.641170501708984,597700,0.0
2022-05-19,17.68094825744629,724000,0.0
2022-05-20,17.790334701538086,761900,0.0
2022-05-23,17.671003341674805,640700,0.0
2022-05-24,16.776018142700195,765400,0.0
2022-05-25,17.05445671081543,535500,0.0
2022-05-26,17.303064346313477,1189600,0.0
2022-05-27,17.75055694580078,829300,0.0
2022-05-31,17.4820613861084,834600,0.0
2022-06-01,17.283174514770508,939300,0.0
2022-06-02,17.91961097717285,1139900,0.0
2022-06-03,17.37267303466797,393000,0.0
2022-06-06,17.591449737548828,476400,0.0
2022-06-07,17.74061393737793,376900,0.0
2022-06-08,17.412452697753906,403700,0.0
2022-06-09,17.03456687927246,580200,0.0
2022-06-10,16.716350555419922,512700,0.0
2022-06-13,15.801477432250977,543800,0.0
2022-06-14,15.7119779586792,490300,0.0
2022-06-15,15.7119779586792,1207800,0.0
2022-06-16,15.562813758850098,846700,0.0
2022-06-17,15.642367362976074,2796700,0.0
2022-06-21,15.413649559020996,911200,0.0
2022-06-22,15.294318199157715,920800,0.0
2022-06-23,15.433538436889648,683400,0.0
2022-06-24,15.990418434143066,971500,0.0
2022-06-27,15.96058464050293,1047000,0.0
2022-06-28,15.721922874450684,821900,0.0
2022-06-29,15.55286979675293,713400,0.0
2022-06-30,15.801477432250977,857700,0.0
2022-07-01,16.01030731201172,621900,0.0
2022-07-05,15.8611421585083,421900,0.0
2022-07-06,15.811420440673828,654400,0.0
2022-07-07,16.040138244628906,474600,0.0
2022-07-08,15.94069766998291,310300,0.0
2022-07-11,15.572757720947266,375800,0.0
2022-07-12,15.83130931854248,410000,0.0
2022-07-13,15.692089080810547,632200,0.0
2022-07-14,15.423593521118164,385300,0.0
2022-07-15,15.930752754211426,381600,0.0
2022-07-18,15.890974998474121,880500,0.0
2022-07-19,16.457799911499023,814800,0.0
2022-07-20,16.845626831054688,573100,0.0
2022-07-21,17.03456687927246,606300,0.0
2022-07-22,17.044511795043945,319900,0.0
2022-07-25,17.024625778198242,622500,0.0
2022-07-26,16.82573890686035,600200,0.0
2022-07-27,17.124067306518555,530400,0.0
2022-07-28,17.14395523071289,601700,0.0
2022-07-29,17.183732986450195,520100,0.0
2022-08-01,17.19367790222168,320500,0.0
2022-08-02,17.10417938232422,415900,0.0
2022-08-03,17.621280670166016,482100,0.0
2022-08-04,17.452228546142578,583000,0.0
2022-08-05,17.094234466552734,713100,0.0
2022-08-08,17.4820613861084,730600,0.0
2022-08-09,18.43671417236328,915300,0.0
2022-08-10,18.556045532226562,478200,0.0
2022-08-11,18.794708251953125,463900,0.0
2022-08-12,18.963760375976562,438000,0.0
2022-08-15,18.645544052124023,372400,0.0
2022-08-16,18.794708251953125,596900,0.0
2022-08-17,18.536155700683594,473800,0.0
2022-08-18,18.476490020751953,484100,0.0
2022-08-19,18.11849594116211,394100,0.0
2022-08-22,17.68094825744629,350800,0.0
2022-08-23,17.561614990234375,395600,0.0
2022-08-24,17.72072410583496,391500,0.0
2022-08-25,18.009109497070312,309800,0.0
2022-08-26,17.61133575439453,459900,0.0
2022-08-29,17.521839141845703,352000,0.0
2022-08-30,17.352787017822266,433400,0.0
2022-08-31,17.14395523071289,591400,0.0
2022-09-01,17.173789978027344,669700,0.0
2022-09-02,17.20362091064453,645900,0.0
2022-09-06,16.69646453857422,666300,0.0
2022-09-07,17.004735946655273,794500,0.0
2022-09-08,16.945070266723633,831900,0.0
2022-09-09,17.621280670166016,575300,0.0
2022-09-12,17.850000381469727,507500,0.0
2022-09-13,17.110000610351562,647200,0.1
2022-09-14,17.1299991607666,892400,0.0
2022-09-15,17.450000762939453,719300,0.0
2022-09-16,16.90999984741211,1562500,0.0
2022-09-19,16.920000076293945,564500,0.0
2022-09-20,16.860000610351562,769700,0.0
2022-09-21,16.329999923706055,494600,0.0
2022-09-22,16.030000686645508,404200,0.0
2022-09-23,15.670000076293945,408800,0.0
2022-09-26,15.350000381469727,403600,0.0
2022-09-27,15.270000457763672,567800,0.0
2022-09-28,15.680000305175781,656200,0.0
2022-09-29,15.319999694824219,580900,0.0
2022-09-30,15.420000076293945,1071100,0.0
2022-10-03,15.899999618530273,551800,0.0
2022-10-04,16.68000030517578,710800,0.0
2022-10-05,16.43000030517578,728800,0.0
2022-10-06,16.190000534057617,462800,0.0
2022-10-07,15.850000381469727,573200,0.0
2022-10-10,15.819999694824219,491200,0.0
2022-10-11,15.760000228881836,864500,0.0
2022-10-12,15.859999656677246,1080800,0.0
2022-10-13,16.280000686645508,987200,0.0
2022-10-14,15.960000038146973,490300,0.0
2022-10-17,16.360000610351562,3432100,0.0
2022-10-18,16.469999313354492,2008000,0.0
2022-10-19,16.75,1240000,0.0
2022-10-20,16.90999984741211,1317900,0.0
2022-10-21,17.34000015258789,891600,0.0
2022-10-24,17.010000228881836,1689100,0.0
2022-10-25,17.3700008392334,1662800,0.0
2022-10-26,17.200000762939453,905800,0.0
2022-10-27,16.940000534057617,830500,0.0
2022-10-28,17.139999389648438,1571300,0.0
2022-10-31,17.1299991607666,1772900,0.0
2022-11-01,17.219999313354492,676400,0.0
2022-11-02,16.719999313354492,1192200,0.0
2022-11-03,16.68000030517578,1752200,0.0
2022-11-04,16.920000076293945,981400,0.0
2022-11-07,16.950000762939453,548200,0.0
2022-11-08,17.34000015258789,709400,0.0
2022-11-09,16.459999084472656,3060000,0.0
2022-11-10,17.479999542236328,2678200,0.0
2022-11-11,18.290000915527344,878100,0.0
2022-11-14,18.399999618530273,1161500,0.0
2022-11-15,18.40999984741211,1076700,0.0
2022-11-16,18.209999084472656,817900,0.0
2022-11-17,18.309999465942383,1093000,0.0
2022-11-18,18.170000076293945,1632100,0.0
2022-11-21,17.719999313354492,1136700,0.0
2022-11-22,18.1299991607666,757600,0.0
2022-11-23,18.479999542236328,750100,0.0
2022-11-25,18.579999923706055,765900,0.0
2022-11-28,18.459999084472656,990500,0.0
2022-11-29,18.81999969482422,1214500,0.0
2022-11-30,19.450000762939453,1283300,0.0
2022-12-01,19.43000030517578,620500,0.0
2022-12-02,19.43000030517578,474800,0.0
2022-12-05,18.959999084472656,571900,0.0
2022-12-06,18.729999542236328,629100,0.0
2022-12-07,18.469999313354492,1123700,0.0
2022-12-08,18.389999389648438,855600,0.0
2022-12-09,18.280000686645508,714700,0.0
2022-12-12,18.3799991607666,814500,0.0
2022-12-13,18.969999313354492,1089000,0.0
2022-12-14,18.979999542236328,1346900,0.0
2022-12-15,18.040000915527344,1492700,0.0
2022-12-16,18.06999969482422,1636900,0.0
2022-12-19,17.700000762939453,728600,0.0
2022-12-20,17.75,918900,0.0
2022-12-21,17.969999313354492,994000,0.0
2022-12-22,18.06999969482422,660600,0.0
2022-12-23,18.559999465942383,688500,0.0
2022-12-27,18.559999465942383,409200,0.0
2022-12-28,18.200000762939453,544500,0.0
2022-12-29,18.459999084472656,738200,0.0
2022-12-30,18.440000534057617,470700,0.0
2023-01-03,18.489999771118164,422300,0.0
2023-01-04,19.239999771118164,709400,0.0
2023-01-05,18.889999389648438,603400,0.0
2023-01-06,19.200000762939453,370900,0.0
2023-01-09,19.270000457763672,334500,0.0
2023-01-10,19.59000015258789,325400,0.0
2023-01-11,19.6200008392334,792400,0.0
2023-01-12,19.719999313354492,986200,0.0
2023-01-13,19.81999969482422,959600,0.0
2023-01-17,19.6200008392334,544400,0.0
2023-01-18,19.229999542236328,656700,0.0
2023-01-19,19.059999465942383,808200,0.0
2023-01-20,19.639999389648438,974100,0.0
2023-01-23,19.93000030517578,567700,0.0
2023-01-24,19.90999984741211,757000,0.0
2023-01-25,20.860000610351562,3090400,0.0
2023-01-26,21.010000228881836,883500,0.0
2023-01-27,20.709999084472656,1324800,0.0
2023-01-30,20.360000610351562,1124100,0.0
2023-01-31,20.440000534057617,963400,0.0
2023-02-01,20.90999984741211,682300,0.0
2023-02-02,21.670000076293945,629600,0.0
2023-02-03,21.399999618530273,836900,0.0
2023-02-06,20.93000030517578,783200,0.0
2023-02-07,21.139999389648438,820000,0.0
2023-02-08,21.100000381469727,755800,0.0
2023-02-09,20.850000381469727,613700,0.0
2023-02-10,18.809999465942383,1397000,0.0
2023-02-13,19.030000686645508,889900,0.0
2023-02-14,19.020000457763672,1355900,0.0
2023-02-15,19.31999969482422,682200,0.0
2023-02-16,18.84000015258789,789100,0.0
2023-02-17,19.110000610351562,629300,0.0
2023-02-21,18.40999984741211,819800,0.0
2023-02-22,17.850000381469727,1591600,0.0
2023-02-23,17.7450008392334,885380,0.0
